"harm","ampl","angle","submarker","source_harm","round_harm","marker"
0.0159154943091895,95.1343691619464,0.01,"1",1,0,"0 - 3"
2.02126777726707,103.878910303819,0.01,"3",127,2,"0 - 3"
0.0159154943091895,92.0992875398017,0.03,"1",1,0,"0 - 3"
2.02126777726707,103.752903382844,0.03,"3",127,2,"0 - 3"
0.0159154943091895,89.1213342744049,0.05,"1",1,0,"0 - 3"
2.02126777726707,103.790024070045,0.05,"3",127,2,"0 - 3"
0.0159154943091895,86.2115693214304,0.07,"1",1,0,"0 - 3"
1.01859163578813,194.209655680394,0.07,"0",64,1,"0 - 3"
2.02126777726707,104.003592611842,0.07,"3",127,2,"0 - 3"
0.0159154943091895,83.3757743485337,0.09,"1",1,0,"0 - 3"
1.01859163578813,192.842157984368,0.09,"0",64,1,"0 - 3"
2.02126777726707,104.37998749697,0.09,"3",127,2,"0 - 3"
0.0159154943091895,80.6161037305531,0.11,"1",1,0,"0 - 3"
1.01859163578813,191.403026870026,0.11,"0",64,1,"0 - 3"
2.02126777726707,104.89790206399,0.11,"3",127,2,"0 - 3"
0.0159154943091895,77.932850104995,0.13,"1",1,0,"0 - 3"
1.01859163578813,189.891968142297,0.13,"0",64,1,"0 - 3"
2.02126777726707,105.540854154782,0.13,"3",127,2,"0 - 3"
0.0159154943091895,75.3255380002649,0.15,"1",1,0,"0 - 3"
1.01859163578813,188.30999207678,0.15,"0",64,1,"0 - 3"
2.02126777726707,106.299051131238,0.15,"3",127,2,"0 - 3"
0.0159154943091895,72.7931624572484,0.17,"1",1,0,"0 - 3"
1.01859163578813,186.659460158151,0.17,"0",64,1,"0 - 3"
2.02126777726707,107.16581211375,0.17,"3",127,2,"0 - 3"
0.0159154943091895,70.3339139214431,0.19,"1",1,0,"0 - 3"
1.01859163578813,184.943027358543,0.19,"0",64,1,"0 - 3"
2.02126777726707,108.133831195049,0.19,"3",127,2,"0 - 3"
0.0159154943091895,67.9448094366837,0.21,"1",1,0,"0 - 3"
1.01859163578813,183.162866081518,0.21,"0",64,1,"0 - 3"
2.02126777726707,109.193401447597,0.21,"3",127,2,"0 - 3"
0.0159154943091895,65.6214793022885,0.23,"1",1,0,"0 - 3"
1.01859163578813,181.320507024517,0.23,"0",64,1,"0 - 3"
2.02126777726707,110.33240055169,0.23,"3",127,2,"0 - 3"
0.0159154943091895,63.3581712186218,0.25,"1",1,0,"0 - 3"
1.01859163578813,179.417130978968,0.25,"0",64,1,"0 - 3"
2.02126777726707,111.537138853488,0.25,"3",127,2,"0 - 3"
0.0159154943091895,61.1479257287712,0.27,"1",1,0,"0 - 3"
1.01859163578813,177.454082550083,0.27,"0",64,1,"0 - 3"
2.02126777726707,112.793363550536,0.27,"3",127,2,"0 - 3"
0.0159154943091895,58.9828472184628,0.29,"1",1,0,"0 - 3"
1.01859163578813,175.433446807739,0.29,"0",64,1,"0 - 3"
2.02126777726707,114.087075646604,0.29,"3",127,2,"0 - 3"
0.0159154943091895,56.8544097504837,0.31,"1",1,0,"0 - 3"
1.01859163578813,173.358586800761,0.31,"0",64,1,"0 - 3"
2.02126777726707,115.405055304318,0.31,"3",127,2,"0 - 3"
0.0159154943091895,54.7537560237672,0.33,"1",1,0,"0 - 3"
1.01859163578813,171.234590902844,0.33,"0",64,1,"0 - 3"
2.02126777726707,116.735112528389,0.33,"3",127,2,"0 - 3"
0.0159154943091895,52.6719436646683,0.35,"1",1,0,"0 - 3"
1.01859163578813,169.068649759599,0.35,"0",64,1,"0 - 3"
2.02126777726707,118.066167705985,0.35,"3",127,2,"0 - 3"
0.0159154943091895,50.6000741684787,0.37,"1",1,0,"0 - 3"
1.01859163578813,166.870429529707,0.37,"0",64,1,"0 - 3"
2.02126777726707,119.388341498977,0.37,"3",127,2,"0 - 3"
0.0159154943091895,48.5292460717373,0.39,"1",1,0,"0 - 3"
1.01859163578813,164.652456873811,0.39,"0",64,1,"0 - 3"
2.02126777726707,120.693236765531,0.39,"3",127,2,"0 - 3"
0.0159154943091895,46.4503341942019,0.41,"1",1,0,"0 - 3"
1.01859163578813,162.430389269513,0.41,"0",64,1,"0 - 3"
2.02126777726707,121.974470330112,0.41,"3",127,2,"0 - 3"
0.0159154943091895,44.3536875636353,0.43,"1",1,0,"0 - 3"
1.01859163578813,160.222945684825,0.43,"0",64,1,"0 - 3"
2.02126777726707,123.228299429256,0.43,"3",127,2,"0 - 3"
0.0159154943091895,42.2288980792989,0.45,"1",1,0,"0 - 3"
1.01859163578813,158.051371997658,0.45,"0",64,1,"0 - 3"
2.02126777726707,124.454021831192,0.45,"3",127,2,"0 - 3"
0.0159154943091895,40.0647808691502,0.47,"1",1,0,"0 - 3"
1.01859163578813,155.938615581855,0.47,"0",64,1,"0 - 3"
2.02126777726707,125.653835909995,0.47,"3",127,2,"0 - 3"
0.0159154943091895,37.8496482556928,0.49,"1",1,0,"0 - 3"
1.01859163578813,153.908674206473,0.49,"0",64,1,"0 - 3"
2.02126777726707,126.832040793649,0.49,"3",127,2,"0 - 3"
0.0159154943091895,35.5719080294587,0.51,"1",1,0,"0 - 3"
1.01859163578813,151.986582119062,0.51,"0",64,1,"0 - 3"
2.02126777726707,127.993737684728,0.51,"3",127,2,"0 - 3"
0.0159154943091895,33.2209980503388,0.53,"1",1,0,"0 - 3"
1.01859163578813,150.199085677377,0.53,"0",64,1,"0 - 3"
2.02126777726707,129.143433380427,0.53,"3",127,2,"0 - 3"
0.0159154943091895,30.7886467667254,0.55,"1",1,0,"0 - 3"
1.01859163578813,148.575439651122,0.55,"0",64,1,"0 - 3"
2.02126777726707,130.284056462836,0.55,"3",127,2,"0 - 3"
0.0159154943091895,28.2703614084233,0.57,"1",1,0,"0 - 3"
1.01859163578813,147.147344158928,0.57,"0",64,1,"0 - 3"
2.02126777726707,131.416824312834,0.57,"3",127,2,"0 - 3"
0.0159154943091895,25.6668752174715,0.59,"1",1,0,"0 - 3"
1.01859163578813,145.947201545012,0.59,"0",64,1,"0 - 3"
2.02126777726707,132.542113457295,0.59,"3",127,2,"0 - 3"
0.0159154943091895,22.9851040682999,0.61,"1",1,0,"0 - 3"
1.01859163578813,145.004617656271,0.61,"0",64,1,"0 - 3"
2.02126777726707,133.661010646679,0.61,"3",127,2,"0 - 3"
0.0159154943091895,20.2381090827946,0.63,"1",1,0,"0 - 3"
1.01859163578813,144.342007692362,0.63,"0",64,1,"0 - 3"
2.02126777726707,134.776713825209,0.63,"3",127,2,"0 - 3"
0.0159154943091895,17.4437501648635,0.65,"1",1,0,"0 - 3"
1.01859163578813,143.970727121516,0.65,"0",64,1,"0 - 3"
2.02126777726707,135.894709350201,0.65,"3",127,2,"0 - 3"
0.0159154943091895,14.6221351596808,0.67,"1",1,0,"0 - 3"
1.01859163578813,143.888993169749,0.67,"0",64,1,"0 - 3"
2.02126777726707,137.020961068488,0.67,"3",127,2,"0 - 3"
0.0159154943091895,11.7924493383388,0.69,"1",1,0,"0 - 3"
1.01859163578813,144.082120727487,0.69,"0",64,1,"0 - 3"
2.02126777726707,138.158223204606,0.69,"3",127,2,"0 - 3"
0.0159154943091895,8.97003940214534,0.71,"1",1,0,"0 - 3"
1.01859163578813,144.524744175047,0.71,"0",64,1,"0 - 3"
2.02126777726707,139.301639860224,0.71,"3",127,2,"0 - 3"
1.01859163578813,145.184187012804,0.73,"0",64,1,"0 - 3"
2.02126777726707,140.435404989307,0.73,"3",127,2,"0 - 3"
1.01859163578813,146.024117183429,0.75,"0",64,1,"0 - 3"
2.02126777726707,141.532016497627,0.75,"3",127,2,"0 - 3"
1.01859163578813,147.007919803664,0.77,"0",64,1,"0 - 3"
2.02126777726707,142.554672639578,0.77,"3",127,2,"0 - 3"
1.01859163578813,148.101559550275,0.79,"0",64,1,"0 - 3"
2.02126777726707,143.462177237979,0.79,"3",127,2,"0 - 3"
1.01859163578813,149.275919515639,0.81,"0",64,1,"0 - 3"
2.02126777726707,144.214944163381,0.81,"3",127,2,"0 - 3"
1.01859163578813,150.508676292485,0.83,"0",64,1,"0 - 3"
2.02126777726707,144.780601632428,0.83,"3",127,2,"0 - 3"
0.0159154943091895,10.3763202890005,0.85,"1",1,0,"0 - 3"
1.01859163578813,151.785759994546,0.85,"0",64,1,"0 - 3"
2.02126777726707,145.138153407778,0.85,"3",127,2,"0 - 3"
0.0159154943091895,13.1289645815545,0.87,"1",1,0,"0 - 3"
1.01859163578813,153.102356148642,0.87,"0",64,1,"0 - 3"
2.02126777726707,145.280264205788,0.87,"3",127,2,"0 - 3"
0.0159154943091895,15.8837003586279,0.89,"1",1,0,"0 - 3"
1.01859163578813,154.463138930318,0.89,"0",64,1,"0 - 3"
2.02126777726707,145.213615070192,0.89,"3",127,2,"0 - 3"
0.0159154943091895,18.6324517473462,0.91,"1",1,0,"0 - 3"
1.01859163578813,155.880915113331,0.91,"0",64,1,"0 - 3"
2.02126777726707,144.957250080451,0.91,"3",127,2,"0 - 3"
0.0159154943091895,21.3616224746017,0.93,"1",1,0,"0 - 3"
1.01859163578813,157.372334922793,0.93,"0",64,1,"0 - 3"
2.02126777726707,144.538564323547,0.93,"3",127,2,"0 - 3"
0.0159154943091895,24.0538432998142,0.95,"1",1,0,"0 - 3"
1.01859163578813,158.949508773887,0.95,"0",64,1,"0 - 3"
2.02126777726707,143.986547775682,0.95,"3",127,2,"0 - 3"
0.0159154943091895,26.6931217135801,0.97,"1",1,0,"0 - 3"
1.01859163578813,160.60818019914,0.97,"0",64,1,"0 - 3"
2.02126777726707,143.322699237518,0.97,"3",127,2,"0 - 3"
0.0159154943091895,29.2737460819208,0.99,"1",1,0,"0 - 3"
1.01859163578813,162.316635093348,0.99,"0",64,1,"0 - 3"
2.02126777726707,142.551824549484,0.99,"3",127,2,"0 - 3"
0.0159154943091895,31.8105616436805,1.01,"1",1,0,"0 - 3"
1.01859163578813,164.012823964182,1.01,"0",64,1,"0 - 3"
2.02126777726707,141.656815716708,1.01,"3",127,2,"0 - 3"
0.0159154943091895,34.3447796026895,1.03,"1",1,0,"0 - 3"
1.01859163578813,165.616580433011,1.03,"0",64,1,"0 - 3"
2.02126777726707,140.601636508819,1.03,"3",127,2,"0 - 3"
0.0159154943091895,36.9382504830197,1.05,"1",1,0,"0 - 3"
1.01859163578813,167.057042036295,1.05,"0",64,1,"0 - 3"
2.02126777726707,139.344026688077,1.05,"3",127,2,"0 - 3"
0.0159154943091895,39.6533914752942,1.07,"1",1,0,"0 - 3"
1.01859163578813,168.305078880471,1.07,"0",64,1,"0 - 3"
2.02126777726707,137.855095200874,1.07,"3",127,2,"0 - 3"
0.0159154943091895,42.5254043761637,1.09,"1",1,0,"0 - 3"
1.01859163578813,169.39382036511,1.09,"0",64,1,"0 - 3"
2.02126777726707,136.139220521341,1.09,"3",127,2,"0 - 3"
0.0159154943091895,45.5417916311578,1.11,"1",1,0,"0 - 3"
1.01859163578813,170.413407692715,1.11,"0",64,1,"0 - 3"
2.02126777726707,134.245381958781,1.11,"3",127,2,"0 - 3"
0.0159154943091895,48.6430497651126,1.13,"1",1,0,"0 - 3"
1.01859163578813,171.478979249357,1.13,"0",64,1,"0 - 3"
2.02126777726707,132.261390798785,1.13,"3",127,2,"0 - 3"
0.0159154943091895,51.7459320331408,1.15,"1",1,0,"0 - 3"
1.01859163578813,172.68675313143,1.15,"0",64,1,"0 - 3"
2.02126777726707,130.289068513766,1.15,"3",127,2,"0 - 3"
0.0159154943091895,54.775796282895,1.17,"1",1,0,"0 - 3"
1.01859163578813,174.081148129202,1.17,"0",64,1,"0 - 3"
2.02126777726707,128.410942596949,1.17,"3",127,2,"0 - 3"
0.0159154943091895,57.6897005188369,1.19,"1",1,0,"0 - 3"
1.01859163578813,175.648790640951,1.19,"0",64,1,"0 - 3"
2.02126777726707,126.667004615691,1.19,"3",127,2,"0 - 3"
0.0159154943091895,60.4804601328398,1.21,"1",1,0,"0 - 3"
1.01859163578813,177.337477240903,1.21,"0",64,1,"0 - 3"
2.02126777726707,125.053305395625,1.21,"3",127,2,"0 - 3"
0.0159154943091895,63.1651442993552,1.23,"1",1,0,"0 - 3"
1.01859163578813,179.084269354226,1.23,"0",64,1,"0 - 3"
2.02126777726707,123.538286603213,1.23,"3",127,2,"0 - 3"
0.0159154943091895,65.768571573201,1.25,"1",1,0,"0 - 3"
1.01859163578813,180.836927382533,1.25,"0",64,1,"0 - 3"
2.02126777726707,122.083257297721,1.25,"3",127,2,"0 - 3"
0.0159154943091895,68.3105635134403,1.27,"1",1,0,"0 - 3"
1.01859163578813,182.562774085852,1.27,"0",64,1,"0 - 3"
2.02126777726707,120.656395668123,1.27,"3",127,2,"0 - 3"
0.0159154943091895,70.8001465412398,1.29,"1",1,0,"0 - 3"
1.01859163578813,184.247826606181,1.29,"0",64,1,"0 - 3"
2.02126777726707,119.237953989649,1.29,"3",127,2,"0 - 3"
0.0159154943091895,73.2358582709064,1.31,"1",1,0,"0 - 3"
1.01859163578813,185.89103542516,1.31,"0",64,1,"0 - 3"
2.02126777726707,117.819627861964,1.31,"3",127,2,"0 - 3"
0.0159154943091895,75.609833754494,1.33,"1",1,0,"0 - 3"
1.01859163578813,187.49638607374,1.33,"0",64,1,"0 - 3"
2.02126777726707,116.401653545972,1.33,"3",127,2,"0 - 3"
0.0159154943091895,77.912995396168,1.35,"1",1,0,"0 - 3"
1.01859163578813,189.06440558656,1.35,"0",64,1,"0 - 3"
2.02126777726707,114.989774661188,1.35,"3",127,2,"0 - 3"
0.0159154943091895,80.1387768557622,1.37,"1",1,0,"0 - 3"
1.01859163578813,190.585519204183,1.37,"0",64,1,"0 - 3"
2.02126777726707,113.593020903797,1.37,"3",127,2,"0 - 3"
0.0159154943091895,82.2838017912954,1.39,"1",1,0,"0 - 3"
1.01859163578813,192.038191916404,1.39,"0",64,1,"0 - 3"
2.02126777726707,112.222639633322,1.39,"3",127,2,"0 - 3"
0.0159154943091895,84.3457672884678,1.41,"1",1,0,"0 - 3"
1.01859163578813,193.392788929101,1.41,"0",64,1,"0 - 3"
2.02126777726707,110.892065087683,1.41,"3",127,2,"0 - 3"
0.0159154943091895,86.3203413280024,1.43,"1",1,0,"0 - 3"
1.01859163578813,194.618791014267,1.43,"0",64,1,"0 - 3"
2.02126777726707,109.617356951267,1.43,"3",127,2,"0 - 3"
0.0159154943091895,88.1990867993217,1.45,"1",1,0,"0 - 3"
1.01859163578813,195.691290091887,1.45,"0",64,1,"0 - 3"
2.02126777726707,108.417391261814,1.45,"3",127,2,"0 - 3"
0.0159154943091895,89.9693334846721,1.47,"1",1,0,"0 - 3"
1.01859163578813,196.59383744931,1.47,"0",64,1,"0 - 3"
2.02126777726707,107.313411714523,1.47,"3",127,2,"0 - 3"
0.0159154943091895,91.6155648299453,1.49,"1",1,0,"0 - 3"
1.01859163578813,197.317372162908,1.49,"0",64,1,"0 - 3"
2.02126777726707,106.328025690975,1.49,"3",127,2,"0 - 3"
0.0159154943091895,93.1212118951427,1.51,"1",1,0,"0 - 3"
1.01859163578813,197.856948014345,1.51,"0",64,1,"0 - 3"
2.02126777726707,105.483911913098,1.51,"3",127,2,"0 - 3"
0.0159154943091895,94.4699184612609,1.53,"1",1,0,"0 - 3"
1.01859163578813,198.208323544336,1.53,"0",64,1,"0 - 3"
2.02126777726707,104.802354146752,1.53,"3",127,2,"0 - 3"
0.0159154943091895,95.6459141293688,1.55,"1",1,0,"0 - 3"
1.01859163578813,198.365702709116,1.55,"0",64,1,"0 - 3"
2.02126777726707,104.301562679045,1.55,"3",127,2,"0 - 3"
0.0159154943091895,96.6336106397263,1.57,"1",1,0,"0 - 3"
1.01859163578813,198.321041110946,1.57,"0",64,1,"0 - 3"
2.02126777726707,103.994906566116,1.57,"3",127,2,"0 - 3"
4.01070456591576,69.254254368697,0.01,"0",252,4,"4 - 7"
5.0133807073947,16.506305837435,0.01,"3",315,5,"4 - 7"
6.01605684887364,15.1106238686298,0.01,"2",378,6,"4 - 7"
7.01873299035258,22.7584468603617,0.01,"1",441,7,"4 - 7"
4.01070456591576,69.9201978395851,0.03,"0",252,4,"4 - 7"
5.0133807073947,17.3593000457288,0.03,"3",315,5,"4 - 7"
6.01605684887364,15.4072671915151,0.03,"2",378,6,"4 - 7"
7.01873299035258,23.5092200647541,0.03,"1",441,7,"4 - 7"
4.01070456591576,70.5509108365509,0.05,"0",252,4,"4 - 7"
5.0133807073947,18.275086296008,0.05,"3",315,5,"4 - 7"
6.01605684887364,15.6813219967312,0.05,"2",378,6,"4 - 7"
7.01873299035258,24.2774008854624,0.05,"1",441,7,"4 - 7"
4.01070456591576,71.1314487926264,0.07,"0",252,4,"4 - 7"
5.0133807073947,19.2535131990419,0.07,"3",315,5,"4 - 7"
6.01605684887364,15.9290546944021,0.07,"2",378,6,"4 - 7"
7.01873299035258,25.0585334799098,0.07,"1",441,7,"4 - 7"
4.01070456591576,71.6544966163599,0.09,"0",252,4,"4 - 7"
5.0133807073947,20.2934798832456,0.09,"3",315,5,"4 - 7"
6.01605684887364,16.1451508459357,0.09,"2",378,6,"4 - 7"
7.01873299035258,25.8455197778984,0.09,"1",441,7,"4 - 7"
4.01070456591576,72.1177375239294,0.11,"0",252,4,"4 - 7"
5.0133807073947,21.3935590941165,0.11,"3",315,5,"4 - 7"
6.01605684887364,16.324301589987,0.11,"2",378,6,"4 - 7"
7.01873299035258,26.6325682943851,0.11,"1",441,7,"4 - 7"
4.01070456591576,72.5198295452807,0.13,"0",252,4,"4 - 7"
5.0133807073947,22.5515219584975,0.13,"3",315,5,"4 - 7"
6.01605684887364,16.4615456435029,0.13,"2",378,6,"4 - 7"
7.01873299035258,27.4152677321609,0.13,"1",441,7,"4 - 7"
4.01070456591576,72.8582305573107,0.15,"0",252,4,"4 - 7"
5.0133807073947,23.7640422468228,0.15,"3",315,5,"4 - 7"
6.01605684887364,16.5521614648724,0.15,"2",378,6,"4 - 7"
7.01873299035258,28.1894808876875,0.15,"1",441,7,"4 - 7"
4.01070456591576,73.1288362672219,0.17,"0",252,4,"4 - 7"
5.0133807073947,25.0266575555646,0.17,"3",315,5,"4 - 7"
6.01605684887364,16.5916231428371,0.17,"2",378,6,"4 - 7"
7.01873299035258,28.9504630460405,0.17,"1",441,7,"4 - 7"
4.01070456591576,73.3264615936094,0.19,"0",252,4,"4 - 7"
5.0133807073947,26.3338189721827,0.19,"3",315,5,"4 - 7"
6.01605684887364,16.5757228684674,0.19,"2",378,6,"4 - 7"
7.01873299035258,29.6925166787984,0.19,"1",441,7,"4 - 7"
4.01070456591576,73.4454648918335,0.21,"0",252,4,"4 - 7"
5.0133807073947,27.678952893102,0.21,"3",315,5,"4 - 7"
6.01605684887364,16.5007822493998,0.21,"2",378,6,"4 - 7"
7.01873299035258,30.4090408364865,0.21,"1",441,7,"4 - 7"
4.01070456591576,73.4802558617619,0.23,"0",252,4,"4 - 7"
5.0133807073947,29.0545392422782,0.23,"3",315,5,"4 - 7"
6.01605684887364,16.363865940346,0.23,"2",378,6,"4 - 7"
7.01873299035258,31.0927715327186,0.23,"1",441,7,"4 - 7"
4.01070456591576,73.4256708100831,0.25,"0",252,4,"4 - 7"
5.0133807073947,30.4522283249409,0.25,"3",315,5,"4 - 7"
6.01605684887364,16.1629514158832,0.25,"2",378,6,"4 - 7"
7.01873299035258,31.7360726732933,0.25,"1",441,7,"4 - 7"
4.01070456591576,73.2772640639543,0.27,"0",252,4,"4 - 7"
5.0133807073947,31.8630113509242,0.27,"3",315,5,"4 - 7"
6.01605684887364,15.8970419890192,0.27,"2",378,6,"4 - 7"
7.01873299035258,32.3312085258728,0.27,"1",441,7,"4 - 7"
4.01070456591576,73.0315596033861,0.29,"0",252,4,"4 - 7"
5.0133807073947,33.2774504048005,0.29,"3",315,5,"4 - 7"
6.01605684887364,15.5662288533017,0.29,"2",378,6,"4 - 7"
7.01873299035258,32.8705829203109,0.29,"1",441,7,"4 - 7"
4.01070456591576,72.6862943783915,0.31,"0",252,4,"4 - 7"
5.0133807073947,34.6859641232573,0.31,"3",315,5,"4 - 7"
6.01605684887364,15.1717134318054,0.31,"2",378,6,"4 - 7"
7.01873299035258,33.3469590256348,0.31,"1",441,7,"4 - 7"
4.01070456591576,72.2406710047792,0.33,"0",252,4,"4 - 7"
5.0133807073947,36.0791549064126,0.33,"3",315,5,"4 - 7"
6.01605684887364,14.7157933233642,0.33,"2",378,6,"4 - 7"
7.01873299035258,33.7536640235424,0.33,"1",441,7,"4 - 7"
4.01070456591576,71.6956122979012,0.35,"0",252,4,"4 - 7"
5.0133807073947,37.4481578099108,0.35,"3",315,5,"4 - 7"
6.01605684887364,14.2018022465391,0.35,"2",378,6,"4 - 7"
7.01873299035258,34.0847413904861,0.35,"1",441,7,"4 - 7"
4.01070456591576,71.0539795933441,0.37,"0",252,4,"4 - 7"
5.0133807073947,38.7849944445473,0.37,"3",315,5,"4 - 7"
6.01605684887364,13.6339970214821,0.37,"2",378,6,"4 - 7"
7.01873299035258,34.3349838136065,0.37,"1",441,7,"4 - 7"
4.01070456591576,70.3207037903721,0.39,"0",252,4,"4 - 7"
5.0133807073947,40.0829186831657,0.39,"3",315,5,"4 - 7"
6.01605684887364,13.0174149281678,0.39,"2",378,6,"4 - 7"
7.01873299035258,34.4998159291836,0.39,"1",441,7,"4 - 7"
4.01070456591576,69.502795459333,0.41,"0",252,4,"4 - 7"
5.0133807073947,41.3367284617716,0.41,"3",315,5,"4 - 7"
6.01605684887364,12.3577633002544,0.41,"2",378,6,"4 - 7"
7.01873299035258,34.5751011932351,0.41,"1",441,7,"4 - 7"
4.01070456591576,68.6092341455293,0.43,"0",252,4,"4 - 7"
5.0133807073947,42.5429875003049,0.43,"3",315,5,"4 - 7"
6.01605684887364,11.6614070969828,0.43,"2",378,6,"4 - 7"
7.01873299035258,34.5570485956747,0.43,"1",441,7,"4 - 7"
4.01070456591576,67.6507614925458,0.45,"0",252,4,"4 - 7"
5.0133807073947,43.700078433247,0.45,"3",315,5,"4 - 7"
6.01605684887364,10.9354647791169,0.45,"2",378,6,"4 - 7"
7.01873299035258,34.4423986559636,0.45,"1",441,7,"4 - 7"
4.01070456591576,66.6396086939078,0.47,"0",252,4,"4 - 7"
5.0133807073947,44.8080300959536,0.47,"3",315,5,"4 - 7"
6.01605684887364,10.1879340234582,0.47,"2",378,6,"4 - 7"
7.01873299035258,34.2289475149137,0.47,"1",441,7,"4 - 7"
4.01070456591576,65.589188429038,0.49,"0",252,4,"4 - 7"
5.0133807073947,45.8681326415624,0.49,"3",315,5,"4 - 7"
6.01605684887364,9.4277067358192,0.49,"2",378,6,"4 - 7"
7.01873299035258,33.9162949575069,0.49,"1",441,7,"4 - 7"
4.01070456591576,64.5137877210318,0.51,"0",252,4,"4 - 7"
5.0133807073947,46.8824345105537,0.51,"3",315,5,"4 - 7"
6.01605684887364,8.66434047272108,0.51,"2",378,6,"4 - 7"
7.01873299035258,33.5065888848935,0.51,"1",441,7,"4 - 7"
4.01070456591576,63.428306436544,0.53,"0",252,4,"4 - 7"
5.0133807073947,47.8532474608872,0.53,"3",315,5,"4 - 7"
7.01873299035258,33.0050482613822,0.53,"1",441,7,"4 - 7"
4.01070456591576,62.3480801908544,0.55,"0",252,4,"4 - 7"
5.0133807073947,48.7827451299083,0.55,"3",315,5,"4 - 7"
7.01873299035258,32.4201547685495,0.55,"1",441,7,"4 - 7"
4.01070456591576,61.2887970619042,0.57,"0",252,4,"4 - 7"
5.0133807073947,49.672657787091,0.57,"3",315,5,"4 - 7"
7.01873299035258,31.7635316147816,0.57,"1",441,7,"4 - 7"
4.01070456591576,60.2664720162949,0.59,"0",252,4,"4 - 7"
5.0133807073947,50.5240019876732,0.59,"3",315,5,"4 - 7"
7.01873299035258,31.0496045760323,0.59,"1",441,7,"4 - 7"
4.01070456591576,59.2973996846441,0.61,"0",252,4,"4 - 7"
5.0133807073947,51.3367811979957,0.61,"3",315,5,"4 - 7"
7.01873299035258,30.2951412015592,0.61,"1",441,7,"4 - 7"
4.01070456591576,58.3979850522265,0.63,"0",252,4,"4 - 7"
5.0133807073947,52.1096469485332,0.63,"3",315,5,"4 - 7"
7.01873299035258,29.5187137482153,0.63,"1",441,7,"4 - 7"
4.01070456591576,57.5843680664592,0.65,"0",252,4,"4 - 7"
5.0133807073947,52.8395773335515,0.65,"3",315,5,"4 - 7"
7.01873299035258,28.7400777590451,0.65,"1",441,7,"4 - 7"
4.01070456591576,56.8718171915908,0.67,"0",252,4,"4 - 7"
5.0133807073947,53.5216665249747,0.67,"3",315,5,"4 - 7"
7.01873299035258,27.979441508573,0.67,"1",441,7,"4 - 7"
4.01070456591576,56.2739557536891,0.69,"0",252,4,"4 - 7"
5.0133807073947,54.1491084989261,0.69,"3",315,5,"4 - 7"
7.01873299035258,27.2566331281559,0.69,"1",441,7,"4 - 7"
4.01070456591576,55.8019697835011,0.71,"0",252,4,"4 - 7"
5.0133807073947,54.7134141341053,0.71,"3",315,5,"4 - 7"
7.01873299035258,26.5902314952283,0.71,"1",441,7,"4 - 7"
4.01070456591576,55.4639841295538,0.73,"0",252,4,"4 - 7"
5.0133807073947,55.2048497135127,0.73,"3",315,5,"4 - 7"
7.01873299035258,25.9967762207284,0.73,"1",441,7,"4 - 7"
4.01070456591576,55.2647581339101,0.75,"0",252,4,"4 - 7"
5.0133807073947,55.6130458965968,0.75,"3",315,5,"4 - 7"
7.01873299035258,25.4901796870291,0.75,"1",441,7,"4 - 7"
4.01070456591576,55.2057533059817,0.77,"0",252,4,"4 - 7"
5.0133807073947,55.9277043516369,0.77,"3",315,5,"4 - 7"
7.01873299035258,25.0814218473086,0.77,"1",441,7,"4 - 7"
4.01070456591576,55.285507382921,0.79,"0",252,4,"4 - 7"
5.0133807073947,56.1393209726111,0.79,"3",315,5,"4 - 7"
7.01873299035258,24.7785336189369,0.79,"1",441,7,"4 - 7"
4.01070456591576,55.5001627679635,0.81,"0",252,4,"4 - 7"
5.0133807073947,56.2398466809052,0.81,"3",315,5,"4 - 7"
7.01873299035258,24.5867981391938,0.81,"1",441,7,"4 - 7"
4.01070456591576,55.8439685985589,0.83,"0",252,4,"4 - 7"
5.0133807073947,56.2232180167117,0.83,"3",315,5,"4 - 7"
7.01873299035258,24.5090492235487,0.83,"1",441,7,"4 - 7"
4.01070456591576,56.3095945986367,0.85,"0",252,4,"4 - 7"
5.0133807073947,56.0857055661503,0.85,"3",315,5,"4 - 7"
7.01873299035258,24.5459370315908,0.85,"1",441,7,"4 - 7"
4.01070456591576,56.8881346261779,0.87,"0",252,4,"4 - 7"
5.0133807073947,55.82603671703,0.87,"3",315,5,"4 - 7"
7.01873299035258,24.696059374713,0.87,"1",441,7,"4 - 7"
4.01070456591576,57.5687348631296,0.89,"0",252,4,"4 - 7"
5.0133807073947,55.4452379296717,0.89,"3",315,5,"4 - 7"
7.01873299035258,24.9559105739231,0.89,"1",441,7,"4 - 7"
4.01070456591576,58.3379073533287,0.91,"0",252,4,"4 - 7"
5.0133807073947,54.9461197858045,0.91,"3",315,5,"4 - 7"
7.01873299035258,25.3196675036321,0.91,"1",441,7,"4 - 7"
4.01070456591576,59.1788668198684,0.93,"0",252,4,"4 - 7"
5.0133807073947,54.3323484945604,0.93,"3",315,5,"4 - 7"
7.01873299035258,25.7789121610781,0.93,"1",441,7,"4 - 7"
4.01070456591576,60.0716495605491,0.95,"0",252,4,"4 - 7"
5.0133807073947,53.6071945979004,0.95,"3",315,5,"4 - 7"
7.01873299035258,26.3224756644276,0.95,"1",441,7,"4 - 7"
4.01070456591576,60.9950597816166,0.97,"0",252,4,"4 - 7"
5.0133807073947,52.7723566285808,0.97,"3",315,5,"4 - 7"
7.01873299035258,26.9366370210861,0.97,"1",441,7,"4 - 7"
4.01070456591576,61.9310679389096,0.99,"0",252,4,"4 - 7"
5.0133807073947,51.8275815753292,0.99,"3",315,5,"4 - 7"
7.01873299035258,27.6058238401883,0.99,"1",441,7,"4 - 7"
4.01070456591576,62.8707125198377,1.01,"0",252,4,"4 - 7"
5.0133807073947,50.7718010207399,1.01,"3",315,5,"4 - 7"
7.01873299035258,28.3136568911285,1.01,"1",441,7,"4 - 7"
4.01070456591576,63.8183372791416,1.03,"0",252,4,"4 - 7"
5.0133807073947,49.6058656974121,1.03,"3",315,5,"4 - 7"
7.01873299035258,29.0437532942219,1.03,"1",441,7,"4 - 7"
4.01070456591576,64.7899916635144,1.05,"0",252,4,"4 - 7"
5.0133807073947,48.3358352968468,1.05,"3",315,5,"4 - 7"
7.01873299035258,29.7795421373708,1.05,"1",441,7,"4 - 7"
4.01070456591576,65.8040986732371,1.07,"0",252,4,"4 - 7"
5.0133807073947,46.9748949499777,1.07,"3",315,5,"4 - 7"
7.01873299035258,30.5028990817029,1.07,"1",441,7,"4 - 7"
4.01070456591576,66.867812935149,1.09,"0",252,4,"4 - 7"
5.0133807073947,45.5422001136744,1.09,"3",315,5,"4 - 7"
6.01605684887364,8.06101434654398,1.09,"2",378,6,"4 - 7"
7.01873299035258,31.1925978442175,1.09,"1",441,7,"4 - 7"
4.01070456591576,67.9670435492244,1.11,"0",252,4,"4 - 7"
5.0133807073947,44.0586028668283,1.11,"3",315,5,"4 - 7"
6.01605684887364,8.58947929878745,1.11,"2",378,6,"4 - 7"
7.01873299035258,31.8244661911276,1.11,"1",441,7,"4 - 7"
4.01070456591576,69.0672238559374,1.13,"0",252,4,"4 - 7"
5.0133807073947,42.5415211214186,1.13,"3",315,5,"4 - 7"
6.01605684887364,9.06799815472124,1.13,"2",378,6,"4 - 7"
7.01873299035258,32.3745495567864,1.13,"1",441,7,"4 - 7"
4.01070456591576,70.1250946300891,1.15,"0",252,4,"4 - 7"
5.0133807073947,41.0023996769546,1.15,"3",315,5,"4 - 7"
6.01605684887364,9.50198867190138,1.15,"2",378,6,"4 - 7"
7.01873299035258,32.8244650617724,1.15,"1",441,7,"4 - 7"
4.01070456591576,71.1043129352959,1.17,"0",252,4,"4 - 7"
5.0133807073947,39.4486984354481,1.17,"3",315,5,"4 - 7"
6.01605684887364,9.90006929074001,1.17,"2",378,6,"4 - 7"
7.01873299035258,33.1660716921727,1.17,"1",441,7,"4 - 7"
4.01070456591576,71.9858087390506,1.19,"0",252,4,"4 - 7"
5.0133807073947,37.8887900144278,1.19,"3",315,5,"4 - 7"
6.01605684887364,10.2703921827296,1.19,"2",378,6,"4 - 7"
7.01873299035258,33.4025354722794,1.19,"1",441,7,"4 - 7"
4.01070456591576,72.7684326752026,1.21,"0",252,4,"4 - 7"
5.0133807073947,36.335642650742,1.21,"3",315,5,"4 - 7"
6.01605684887364,10.6184820355954,1.21,"2",378,6,"4 - 7"
7.01873299035258,33.5450770047655,1.21,"1",441,7,"4 - 7"
4.01070456591576,73.4618921775936,1.23,"0",252,4,"4 - 7"
5.0133807073947,34.8061656675506,1.23,"3",315,5,"4 - 7"
6.01605684887364,10.9468485023936,1.23,"2",378,6,"4 - 7"
7.01873299035258,33.6072797621699,1.23,"1",441,7,"4 - 7"
4.01070456591576,74.0772785314159,1.25,"0",252,4,"4 - 7"
5.0133807073947,33.3166597511381,1.25,"3",315,5,"4 - 7"
6.01605684887364,11.2557561335561,1.25,"2",378,6,"4 - 7"
7.01873299035258,33.5997024633361,1.25,"1",441,7,"4 - 7"
4.01070456591576,74.6197171921155,1.27,"0",252,4,"4 - 7"
5.0133807073947,31.877661641068,1.27,"3",315,5,"4 - 7"
6.01605684887364,11.5444052211239,1.27,"2",378,6,"4 - 7"
7.01873299035258,33.5264475732988,1.27,"1",441,7,"4 - 7"
4.01070456591576,75.0851693076249,1.29,"0",252,4,"4 - 7"
5.0133807073947,30.4913777043047,1.29,"3",315,5,"4 - 7"
6.01605684887364,11.8120947606829,1.29,"2",378,6,"4 - 7"
7.01873299035258,33.3838982325183,1.29,"1",441,7,"4 - 7"
4.01070456591576,75.4613921138157,1.31,"0",252,4,"4 - 7"
5.0133807073947,29.1525665133063,1.31,"3",315,5,"4 - 7"
6.01605684887364,12.0591890496014,1.31,"2",378,6,"4 - 7"
7.01873299035258,33.1614543849113,1.31,"1",441,7,"4 - 7"
4.01070456591576,75.7319494256418,1.33,"0",252,4,"4 - 7"
5.0133807073947,27.8515997996577,1.33,"3",315,5,"4 - 7"
6.01605684887364,12.2877163968996,1.33,"2",378,6,"4 - 7"
7.01873299035258,32.8444262025376,1.33,"1",441,7,"4 - 7"
4.01070456591576,75.8814402504541,1.35,"0",252,4,"4 - 7"
5.0133807073947,26.5780727879884,1.35,"3",315,5,"4 - 7"
6.01605684887364,12.5014232499458,1.35,"2",378,6,"4 - 7"
7.01873299035258,32.4189227099976,1.35,"1",441,7,"4 - 7"
4.01070456591576,75.8997153642374,1.37,"0",252,4,"4 - 7"
5.0133807073947,25.3241955553409,1.37,"3",315,5,"4 - 7"
6.01605684887364,12.7052973488605,1.37,"2",378,6,"4 - 7"
7.01873299035258,31.8772527832601,1.37,"1",441,7,"4 - 7"
4.01070456591576,75.7833089676493,1.39,"0",252,4,"4 - 7"
5.0133807073947,24.0877762553094,1.39,"3",315,5,"4 - 7"
6.01605684887364,12.9048199119464,1.39,"2",378,6,"4 - 7"
7.01873299035258,31.2213455760505,1.39,"1",441,7,"4 - 7"
4.01070456591576,75.5338058925899,1.41,"0",252,4,"4 - 7"
5.0133807073947,22.8743497608256,1.41,"3",315,5,"4 - 7"
6.01605684887364,13.1052455896629,1.41,"2",378,6,"4 - 7"
7.01873299035258,30.4624132075326,1.41,"1",441,7,"4 - 7"
4.01070456591576,75.1545662869609,1.43,"0",252,4,"4 - 7"
5.0133807073947,21.6976490197331,1.43,"3",315,5,"4 - 7"
6.01605684887364,13.3110385387101,1.43,"2",378,6,"4 - 7"
7.01873299035258,29.6172507955284,1.43,"1",441,7,"4 - 7"
4.01070456591576,74.6479168268358,1.45,"0",252,4,"4 - 7"
5.0133807073947,20.577943788402,1.45,"3",315,5,"4 - 7"
6.01605684887364,13.525432927835,1.45,"2",378,6,"4 - 7"
7.01873299035258,28.7034473430031,1.45,"1",441,7,"4 - 7"
4.01070456591576,74.0141886663651,1.47,"0",252,4,"4 - 7"
5.0133807073947,19.5386309707814,1.47,"3",315,5,"4 - 7"
6.01605684887364,13.7500610743925,1.47,"2",378,6,"4 - 7"
7.01873299035258,27.7359602326861,1.47,"1",441,7,"4 - 7"
4.01070456591576,73.2526043081505,1.49,"0",252,4,"4 - 7"
5.0133807073947,18.6021207895973,1.49,"3",315,5,"4 - 7"
6.01605684887364,13.9846508611628,1.49,"2",378,6,"4 - 7"
7.01873299035258,26.7261641074165,1.49,"1",441,7,"4 - 7"
4.01070456591576,72.363070085646,1.51,"0",252,4,"4 - 7"
5.0133807073947,17.7860899278384,1.51,"3",315,5,"4 - 7"
6.01605684887364,14.2268451873388,1.51,"2",378,6,"4 - 7"
7.01873299035258,25.6828839560097,1.51,"1",441,7,"4 - 7"
4.01070456591576,71.3478479038405,1.53,"0",252,4,"4 - 7"
5.0133807073947,17.1007308288113,1.53,"3",315,5,"4 - 7"
6.01605684887364,14.4721913397724,1.53,"2",378,6,"4 - 7"
7.01873299035258,24.6141055569504,1.53,"1",441,7,"4 - 7"
4.01070456591576,70.2125146889201,1.55,"0",252,4,"4 - 7"
5.0133807073947,16.5471303418837,1.55,"3",315,5,"4 - 7"
6.01605684887364,14.7142905419543,1.55,"2",378,6,"4 - 7"
7.01873299035258,23.5281710865501,1.55,"1",441,7,"4 - 7"
4.01070456591576,68.9660006058868,1.57,"0",252,4,"4 - 7"
5.0133807073947,16.1166136604094,1.57,"3",315,5,"4 - 7"
6.01605684887364,14.9450357484647,1.57,"2",378,6,"4 - 7"
7.01873299035258,22.4338555418248,1.57,"1",441,7,"4 - 7"
9.02408527331047,8.31551609407752,0.03,"3",567,9,"8 - 11"
9.02408527331047,8.59548405602204,0.05,"3",567,9,"8 - 11"
9.02408527331047,8.86266990311351,0.07,"3",567,9,"8 - 11"
9.02408527331047,9.11722280756401,0.09,"3",567,9,"8 - 11"
10.0108459204802,8.22397468497932,0.09,"1",629,10,"8 - 11"
9.02408527331047,9.35767363284757,0.11,"3",567,9,"8 - 11"
10.0108459204802,8.60156245918338,0.11,"1",629,10,"8 - 11"
9.02408527331047,9.58181407910022,0.13,"3",567,9,"8 - 11"
10.0108459204802,8.98397502952333,0.13,"1",629,10,"8 - 11"
9.02408527331047,9.78693542297995,0.15,"3",567,9,"8 - 11"
10.0108459204802,9.37353640425808,0.15,"1",629,10,"8 - 11"
9.02408527331047,9.96986895329209,0.17,"3",567,9,"8 - 11"
10.0108459204802,9.77184465593592,0.17,"1",629,10,"8 - 11"
9.02408527331047,10.1270457216045,0.19,"3",567,9,"8 - 11"
10.0108459204802,10.1795118574508,0.19,"1",629,10,"8 - 11"
9.02408527331047,10.2546215827295,0.21,"3",567,9,"8 - 11"
10.0108459204802,10.5960656036938,0.21,"1",629,10,"8 - 11"
8.02140913183153,8.08282420461972,0.23,"0",504,8,"8 - 11"
9.02408527331047,10.3486470161424,0.23,"3",567,9,"8 - 11"
10.0108459204802,11.0199687361545,0.23,"1",629,10,"8 - 11"
8.02140913183153,8.82956222318295,0.25,"0",504,8,"8 - 11"
9.02408527331047,10.4052541940929,0.25,"3",567,9,"8 - 11"
10.0108459204802,11.4486952728203,0.25,"1",629,10,"8 - 11"
8.02140913183153,9.62644892512999,0.27,"0",504,8,"8 - 11"
9.02408527331047,10.4208448786172,0.27,"3",567,9,"8 - 11"
10.0108459204802,11.8788212407259,0.27,"1",629,10,"8 - 11"
8.02140913183153,10.4686680112926,0.29,"0",504,8,"8 - 11"
9.02408527331047,10.3922725011458,0.29,"3",567,9,"8 - 11"
10.0108459204802,12.3061164812871,0.29,"1",629,10,"8 - 11"
8.02140913183153,11.3501092360133,0.31,"0",504,8,"8 - 11"
9.02408527331047,10.3170127506023,0.31,"3",567,9,"8 - 11"
10.0108459204802,12.7256401088598,0.31,"1",629,10,"8 - 11"
8.02140913183153,12.2636342543161,0.33,"0",504,8,"8 - 11"
9.02408527331047,10.193308759714,0.33,"3",567,9,"8 - 11"
10.0108459204802,13.1318392513454,0.33,"1",629,10,"8 - 11"
8.02140913183153,13.2013391630391,0.35,"0",504,8,"8 - 11"
9.02408527331047,10.0202683720378,0.35,"3",567,9,"8 - 11"
10.0108459204802,13.518631718416,0.35,"1",629,10,"8 - 11"
8.02140913183153,14.1548019580282,0.37,"0",504,8,"8 - 11"
9.02408527331047,9.79789698383002,0.37,"3",567,9,"8 - 11"
10.0108459204802,13.8794403425132,0.37,"1",629,10,"8 - 11"
8.02140913183153,15.1153128515356,0.39,"0",504,8,"8 - 11"
9.02408527331047,9.52707629288113,0.39,"3",567,9,"8 - 11"
10.0108459204802,14.2071686158224,0.39,"1",629,10,"8 - 11"
8.02140913183153,16.0740918827954,0.41,"0",504,8,"8 - 11"
9.02408527331047,9.20953074368542,0.41,"3",567,9,"8 - 11"
10.0108459204802,14.4941692342119,0.41,"1",629,10,"8 - 11"
8.02140913183153,17.0224942337693,0.43,"0",504,8,"8 - 11"
9.02408527331047,8.84782916060096,0.43,"3",567,9,"8 - 11"
10.0108459204802,14.7323217984052,0.43,"1",629,10,"8 - 11"
8.02140913183153,17.9521898972455,0.45,"0",504,8,"8 - 11"
9.02408527331047,8.44543340669642,0.45,"3",567,9,"8 - 11"
10.0108459204802,14.9133445990364,0.45,"1",629,10,"8 - 11"
8.02140913183153,18.8552906477064,0.47,"0",504,8,"8 - 11"
9.02408527331047,8.00674849087378,0.47,"3",567,9,"8 - 11"
10.0108459204802,15.0293900052336,0.47,"1",629,10,"8 - 11"
8.02140913183153,19.7243954282495,0.49,"0",504,8,"8 - 11"
10.0108459204802,15.0738477796484,0.49,"1",629,10,"8 - 11"
8.02140913183153,20.5525401308643,0.51,"0",504,8,"8 - 11"
10.0108459204802,15.0421800048937,0.51,"1",629,10,"8 - 11"
8.02140913183153,21.333064266735,0.53,"0",504,8,"8 - 11"
10.0108459204802,14.9325930972309,0.53,"1",629,10,"8 - 11"
11.0135220619592,8.43042879269323,0.53,"0",692,11,"8 - 11"
8.02140913183153,22.0594351651784,0.55,"0",504,8,"8 - 11"
10.0108459204802,14.7464187536766,0.55,"1",629,10,"8 - 11"
11.0135220619592,8.90837305149577,0.55,"0",692,11,"8 - 11"
8.02140913183153,22.7250918999444,0.57,"0",504,8,"8 - 11"
10.0108459204802,14.4881800766812,0.57,"1",629,10,"8 - 11"
11.0135220619592,9.34963668768134,0.57,"0",692,11,"8 - 11"
8.02140913183153,23.3233816590425,0.59,"0",504,8,"8 - 11"
10.0108459204802,14.1654043179112,0.59,"1",629,10,"8 - 11"
11.0135220619592,9.74547681561334,0.59,"0",692,11,"8 - 11"
8.02140913183153,23.8476570091404,0.61,"0",504,8,"8 - 11"
10.0108459204802,13.7882761863667,0.61,"1",629,10,"8 - 11"
11.0135220619592,10.0879050825395,0.61,"0",692,11,"8 - 11"
8.02140913183153,24.291578523269,0.63,"0",504,8,"8 - 11"
10.0108459204802,13.3692062371129,0.63,"1",629,10,"8 - 11"
11.0135220619592,10.3700380516735,0.63,"0",692,11,"8 - 11"
8.02140913183153,24.6496211179727,0.65,"0",504,8,"8 - 11"
10.0108459204802,12.9223423128124,0.65,"1",629,10,"8 - 11"
11.0135220619592,10.5865288394393,0.65,"0",692,11,"8 - 11"
8.02140913183153,24.9177209972904,0.67,"0",504,8,"8 - 11"
10.0108459204802,12.4630099342303,0.67,"1",629,10,"8 - 11"
11.0135220619592,10.7340407062535,0.67,"0",692,11,"8 - 11"
8.02140913183153,25.0939417037209,0.69,"0",504,8,"8 - 11"
10.0108459204802,12.0070539607088,0.69,"1",629,10,"8 - 11"
11.0135220619592,10.8116784021301,0.69,"0",692,11,"8 - 11"
8.02140913183153,25.1790056832943,0.71,"0",504,8,"8 - 11"
10.0108459204802,11.5700770392025,0.71,"1",629,10,"8 - 11"
11.0135220619592,10.8212697795752,0.71,"0",692,11,"8 - 11"
8.02140913183153,25.1765477902381,0.73,"0",504,8,"8 - 11"
10.0108459204802,11.1666205782505,0.73,"1",629,10,"8 - 11"
11.0135220619592,10.7673995268677,0.73,"0",692,11,"8 - 11"
8.02140913183153,25.0929986137993,0.75,"0",504,8,"8 - 11"
10.0108459204802,10.809386980388,0.75,"1",629,10,"8 - 11"
11.0135220619592,10.6571370561934,0.75,"0",692,11,"8 - 11"
8.02140913183153,24.9370819556892,0.77,"0",504,8,"8 - 11"
10.0108459204802,10.5086282853042,0.77,"1",629,10,"8 - 11"
11.0135220619592,10.4994596426552,0.77,"0",692,11,"8 - 11"
8.02140913183153,24.718988964673,0.79,"0",504,8,"8 - 11"
10.0108459204802,10.2718054638353,0.79,"1",629,10,"8 - 11"
11.0135220619592,10.3044334956936,0.79,"0",692,11,"8 - 11"
8.02140913183153,24.4493513562971,0.81,"0",504,8,"8 - 11"
10.0108459204802,10.1035552450526,0.81,"1",629,10,"8 - 11"
11.0135220619592,10.0822641912412,0.81,"0",692,11,"8 - 11"
8.02140913183153,24.1381662670438,0.83,"0",504,8,"8 - 11"
10.0108459204802,10.0059138740084,0.83,"1",629,10,"8 - 11"
11.0135220619592,9.84235276627551,0.83,"0",692,11,"8 - 11"
8.02140913183153,23.7938223519781,0.85,"0",504,8,"8 - 11"
10.0108459204802,9.97867939359146,0.85,"1",629,10,"8 - 11"
11.0135220619592,9.59248963602253,0.85,"0",692,11,"8 - 11"
8.02140913183153,23.4223440916591,0.87,"0",504,8,"8 - 11"
10.0108459204802,10.0197760131171,0.87,"1",629,10,"8 - 11"
11.0135220619592,9.33828666469233,0.87,"0",692,11,"8 - 11"
8.02140913183153,23.0269195922289,0.89,"0",504,8,"8 - 11"
10.0108459204802,10.1255182531401,0.89,"1",629,10,"8 - 11"
11.0135220619592,9.08289598692322,0.89,"0",692,11,"8 - 11"
8.02140913183153,22.6077271397166,0.91,"0",504,8,"8 - 11"
10.0108459204802,10.2907354373177,0.91,"1",629,10,"8 - 11"
11.0135220619592,8.82700631514962,0.91,"0",692,11,"8 - 11"
8.02140913183153,22.1620558928517,0.93,"0",504,8,"8 - 11"
10.0108459204802,10.5087789140248,0.93,"1",629,10,"8 - 11"
11.0135220619592,8.56906185625095,0.93,"0",692,11,"8 - 11"
8.02140913183153,21.684744382816,0.95,"0",504,8,"8 - 11"
10.0108459204802,10.7714776460032,0.95,"1",629,10,"8 - 11"
11.0135220619592,8.30563414240586,0.95,"0",692,11,"8 - 11"
8.02140913183153,21.1690095455855,0.97,"0",504,8,"8 - 11"
10.0108459204802,11.0691291648523,0.97,"1",629,10,"8 - 11"
11.0135220619592,8.03190159531181,0.97,"0",692,11,"8 - 11"
8.02140913183153,20.6077161703722,0.99,"0",504,8,"8 - 11"
10.0108459204802,11.3906095092985,0.99,"1",629,10,"8 - 11"
8.02140913183153,19.9949385936076,1.01,"0",504,8,"8 - 11"
10.0108459204802,11.7236473342671,1.01,"1",629,10,"8 - 11"
8.02140913183153,19.327324114077,1.03,"0",504,8,"8 - 11"
10.0108459204802,12.0552354826434,1.03,"1",629,10,"8 - 11"
8.02140913183153,18.6045563676338,1.05,"0",504,8,"8 - 11"
10.0108459204802,12.3720955530157,1.05,"1",629,10,"8 - 11"
8.02140913183153,17.8285126032523,1.07,"0",504,8,"8 - 11"
10.0108459204802,12.6611506904374,1.07,"1",629,10,"8 - 11"
8.02140913183153,17.0015606172214,1.09,"0",504,8,"8 - 11"
10.0108459204802,12.9101202288325,1.09,"1",629,10,"8 - 11"
8.02140913183153,16.1252674624535,1.11,"0",504,8,"8 - 11"
10.0108459204802,13.1084774076399,1.11,"1",629,10,"8 - 11"
8.02140913183153,15.2007337754003,1.13,"0",504,8,"8 - 11"
10.0108459204802,13.2488520214235,1.13,"1",629,10,"8 - 11"
8.02140913183153,14.230590735331,1.15,"0",504,8,"8 - 11"
10.0108459204802,13.3284525896063,1.15,"1",629,10,"8 - 11"
8.02140913183153,13.2212805117698,1.17,"0",504,8,"8 - 11"
10.0108459204802,13.3496172393915,1.17,"1",629,10,"8 - 11"
8.02140913183153,12.1838694009929,1.19,"0",504,8,"8 - 11"
9.02408527331047,8.13389531708453,1.19,"3",567,9,"8 - 11"
10.0108459204802,13.318782358299,1.19,"1",629,10,"8 - 11"
8.02140913183153,11.1326995095749,1.21,"0",504,8,"8 - 11"
9.02408527331047,8.27492546869704,1.21,"3",567,9,"8 - 11"
10.0108459204802,13.2440973416913,1.21,"1",629,10,"8 - 11"
8.02140913183153,10.0827345758144,1.23,"0",504,8,"8 - 11"
9.02408527331047,8.377240116044,1.23,"3",567,9,"8 - 11"
10.0108459204802,13.1328598402081,1.23,"1",629,10,"8 - 11"
8.02140913183153,9.04721398879663,1.25,"0",504,8,"8 - 11"
9.02408527331047,8.44488598942026,1.25,"3",567,9,"8 - 11"
10.0108459204802,12.9899433692747,1.25,"1",629,10,"8 - 11"
8.02140913183153,8.03678567803111,1.27,"0",504,8,"8 - 11"
9.02408527331047,8.48323730540587,1.27,"3",567,9,"8 - 11"
10.0108459204802,12.8174226806677,1.27,"1",629,10,"8 - 11"
9.02408527331047,8.49927984554136,1.29,"3",567,9,"8 - 11"
10.0108459204802,12.6147350865056,1.29,"1",629,10,"8 - 11"
9.02408527331047,8.50110538020537,1.31,"3",567,9,"8 - 11"
10.0108459204802,12.3788533457846,1.31,"1",629,10,"8 - 11"
9.02408527331047,8.49652715861154,1.33,"3",567,9,"8 - 11"
10.0108459204802,12.1047543045407,1.33,"1",629,10,"8 - 11"
9.02408527331047,8.49130585896911,1.35,"3",567,9,"8 - 11"
9.02408527331047,8.48786184115386,1.37,"3",567,9,"8 - 11"
9.02408527331047,8.4851983351001,1.39,"3",567,9,"8 - 11"
9.02408527331047,8.48001509985197,1.41,"3",567,9,"8 - 11"
9.02408527331047,8.46820740626371,1.43,"3",567,9,"8 - 11"
9.02408527331047,8.44583319449934,1.45,"3",567,9,"8 - 11"
9.02408527331047,8.40923070698012,1.47,"3",567,9,"8 - 11"
9.02408527331047,8.35463982527164,1.49,"3",567,9,"8 - 11"
9.02408527331047,8.27787924216088,1.51,"3",567,9,"8 - 11"
9.02408527331047,8.17437732764367,1.53,"3",567,9,"8 - 11"
9.02408527331047,8.03950200957084,1.55,"3",567,9,"8 - 11"
