timestamp;response_time
01.06.2013 9:00:00;0.543496862
01.06.2013 9:01:12;2.615876035
01.06.2013 9:01:52;0.879712245
01.06.2013 9:02:20;2.260048785
01.06.2013 9:03:36;1.014868675
01.06.2013 9:04:08;1.566543904
01.06.2013 9:04:24;2.03373953
01.06.2013 9:05:40;1.206547382
01.06.2013 9:06:00;1.097329061
01.06.2013 9:07:24;2.230299358
01.06.2013 9:09:00;1.618933634
01.06.2013 9:10:24;1.021329821
01.06.2013 9:10:36;0.614354032
01.06.2013 9:12:12;1.084281131
01.06.2013 9:12:28;1.790898625
01.06.2013 9:13:12;1.58044664
01.06.2013 9:14:48;0.557549523
01.06.2013 9:16:12;0.972912284
01.06.2013 9:17:00;0.780184368
01.06.2013 9:18:16;1.765607193
01.06.2013 9:19:08;1.152819302
01.06.2013 9:20:32;1.676952637
01.06.2013 9:21:52;0.539319578
01.06.2013 9:23:28;1.569127044
01.06.2013 9:23:56;2.127684625
01.06.2013 9:25:04;0.636352917
01.06.2013 9:26:12;1.967164873
01.06.2013 9:26:40;2.269138529
01.06.2013 9:27:52;1.271259279
01.06.2013 9:29:00;0.542336623
01.06.2013 9:29:24;1.42289443
01.06.2013 9:29:44;2.036686923
01.06.2013 9:31:20;1.081722667
01.06.2013 9:32:48;0.582648531
01.06.2013 9:33:56;1.336586479
01.06.2013 9:35:28;1.821452921
01.06.2013 9:35:32;2.522674196
01.06.2013 9:35:32;1.698109992
01.06.2013 9:36:08;1.669122931
01.06.2013 9:37:08;0.558392056
01.06.2013 9:38:16;1.302665271
01.06.2013 9:38:40;0.775101526
01.06.2013 9:40:08;2.429256756
01.06.2013 9:41:28;1.806470924
01.06.2013 9:42:00;0.673419493
01.06.2013 9:43:00;0.656172905
01.06.2013 9:43:24;0.68947361
01.06.2013 9:43:40;0.943235812
01.06.2013 9:44:20;1.01270394
01.06.2013 9:45:52;0.900923524
01.06.2013 9:46:16;1.982581415
01.06.2013 9:46:28;1.062447945
01.06.2013 9:46:40;2.232989754
01.06.2013 9:48:16;1.433138197
01.06.2013 9:48:48;2.041809172
01.06.2013 9:49:32;0.941983131
01.06.2013 9:49:48;1.387623621
01.06.2013 9:50:48;1.62219709
01.06.2013 9:51:56;0.844768569
01.06.2013 9:52:56;2.202688093
01.06.2013 9:53:32;0.714354021
01.06.2013 9:54:32;1.041731586
01.06.2013 9:55:48;1.055524473
01.06.2013 9:56:28;0.620442495
01.06.2013 9:57:00;1.204740296
01.06.2013 9:57:16;1.597834066
01.06.2013 9:57:48;1.386919507
01.06.2013 9:58:04;0.73802939
01.06.2013 9:59:08;0.814645194
01.06.2013 9:59:24;1.153273066
01.06.2013 9:59:36;1.236597791
01.06.2013 9:59:44;1.049749029
01.06.2013 9:59:52;1.715174903
01.06.2013 10:00:56;0.564931492
01.06.2013 10:00:56;0.550179528
01.06.2013 10:01:32;1.455328424
01.06.2013 10:02:20;0.628739574
01.06.2013 10:02:44;2.511654095
01.06.2013 10:03:16;2.284549711
01.06.2013 10:04:52;2.104979282
01.06.2013 10:05:04;1.553348555
01.06.2013 10:06:24;1.135854023
01.06.2013 10:07:36;1.035940319
01.06.2013 10:07:48;1.402856183
01.06.2013 10:09:04;1.301202895
01.06.2013 10:09:28;0.727196068
01.06.2013 10:09:32;0.881571998
01.06.2013 10:11:08;2.486463895
01.06.2013 10:11:24;2.106792632
01.06.2013 10:12:36;0.587538409
01.06.2013 10:14:12;1.38569479
01.06.2013 10:15:28;2.006314949
01.06.2013 10:16:00;2.093864728
01.06.2013 10:17:24;0.850681359
01.06.2013 10:17:24;1.181247208
01.06.2013 10:18:32;1.201546483
01.06.2013 10:18:56;1.401313535
01.06.2013 10:19:16;1.344856077
01.06.2013 10:20:12;0.674270864
01.06.2013 10:20:36;2.198060192
01.06.2013 10:21:52;1.358420564
01.06.2013 10:22:12;2.676551806
01.06.2013 10:22:40;0.769992043
01.06.2013 10:23:36;0.688844501
01.06.2013 10:23:36;1.651171368
01.06.2013 10:24:20;1.358158229
01.06.2013 10:25:20;1.21789094
01.06.2013 10:26:40;0.983119004
01.06.2013 10:27:36;1.201464689
01.06.2013 10:29:04;0.707646379
01.06.2013 10:30:16;1.228002492
01.06.2013 10:31:24;0.547944562
01.06.2013 10:31:44;2.333438105
01.06.2013 10:32:16;1.195435
01.06.2013 10:32:36;1.891758318
01.06.2013 10:33:36;0.741524504
01.06.2013 10:34:40;1.830185178
01.06.2013 10:35:32;1.9528321
01.06.2013 10:35:56;1.539521483
01.06.2013 10:36:12;1.444764956
01.06.2013 10:37:16;0.701941253
01.06.2013 10:37:24;0.664369102
01.06.2013 10:38:32;2.760612012
01.06.2013 10:39:12;1.529780207
01.06.2013 10:40:32;0.784129279
01.06.2013 10:41:28;1.38656083
01.06.2013 10:42:00;1.004758774
01.06.2013 10:42:56;2.172546351
01.06.2013 10:44:12;0.60649278
01.06.2013 10:45:24;0.698018536
01.06.2013 10:45:52;1.069443058
01.06.2013 10:46:36;1.07169233
01.06.2013 10:46:48;0.94118959
01.06.2013 10:48:24;0.800719382
01.06.2013 10:49:08;1.626134912
01.06.2013 10:50:36;1.498381257
01.06.2013 10:51:36;1.026240663
01.06.2013 10:52:28;1.348092908
01.06.2013 10:52:44;0.529359508
01.06.2013 10:53:24;0.768814318
01.06.2013 10:53:24;0.881989252
01.06.2013 10:54:48;0.716414928
01.06.2013 10:56:20;1.499479075
01.06.2013 10:56:32;0.981115383
01.06.2013 10:56:36;1.686407033
01.06.2013 10:57:20;0.562906614
01.06.2013 10:58:56;2.316555335
01.06.2013 10:59:32;1.076975894
01.06.2013 11:00:04;2.297492946
01.06.2013 11:01:36;0.811999221
01.06.2013 11:02:20;0.928941736
01.06.2013 11:03:04;1.290507781
01.06.2013 11:03:04;0.865474554
01.06.2013 11:04:28;1.069135901
01.06.2013 11:05:36;1.666800802
01.06.2013 11:06:24;0.66681513
01.06.2013 11:07:44;1.960956283
01.06.2013 11:07:56;0.99588438
01.06.2013 11:08:32;0.768842793
01.06.2013 11:09:16;2.225306056
01.06.2013 11:09:24;0.72484335
01.06.2013 11:10:28;1.574963892
01.06.2013 11:10:44;0.909740689
01.06.2013 11:11:56;0.589958314
01.06.2013 11:12:48;0.666093538
01.06.2013 11:13:36;1.798379548
01.06.2013 11:14:32;1.038537661
01.06.2013 11:14:44;1.056591294
01.06.2013 11:15:24;0.890856515
01.06.2013 11:15:52;0.650615554
01.06.2013 11:17:20;0.963788207
01.06.2013 11:17:44;1.453558574
01.06.2013 11:19:00;1.709402859
01.06.2013 11:19:48;1.261202142
01.06.2013 11:20:56;1.15354377
01.06.2013 11:21:12;1.41500385
01.06.2013 11:22:44;0.902372332
01.06.2013 11:23:52;1.009493112
01.06.2013 11:25:16;1.735888019
01.06.2013 11:25:40;0.585368882
01.06.2013 11:26:24;0.811368474
01.06.2013 11:27:08;1.162454005
01.06.2013 11:28:24;1.936970168
01.06.2013 11:29:08;0.781362971
01.06.2013 11:29:24;1.124521034
01.06.2013 11:30:16;1.612634362
01.06.2013 11:30:36;1.514615206
01.06.2013 11:32:12;2.126934584
01.06.2013 11:33:00;0.978071902
01.06.2013 11:34:12;1.42317201
01.06.2013 11:34:56;2.584960854
01.06.2013 11:36:00;0.547462045
01.06.2013 11:36:16;0.742614521
01.06.2013 11:36:44;1.695899786
01.06.2013 11:37:24;2.308408385
01.06.2013 11:38:28;1.742904455
01.06.2013 11:38:44;0.948119464
01.06.2013 11:39:04;2.031572269
01.06.2013 11:40:28;0.516937395
01.06.2013 11:41:00;2.407897414
01.06.2013 11:42:36;1.006726181
01.06.2013 11:42:48;0.838010941
01.06.2013 11:43:36;0.670563375
01.06.2013 11:44:48;1.803471418
01.06.2013 11:44:56;1.825652433
01.06.2013 11:45:28;2.744299661
01.06.2013 11:46:40;0.970952565
01.06.2013 11:47:04;3.234184194
01.06.2013 11:47:40;2.314898946
01.06.2013 11:48:56;2.099682352
01.06.2013 11:49:44;1.5709812
01.06.2013 11:50:52;1.824052799
01.06.2013 11:51:40;2.717641415
01.06.2013 11:52:52;1.057045133
01.06.2013 11:54:28;1.057540908
01.06.2013 11:54:48;1.324145654
01.06.2013 11:56:16;1.050829929
01.06.2013 11:56:48;1.394647124
01.06.2013 11:58:00;0.630658748
01.06.2013 11:59:32;0.753166205
01.06.2013 12:00:12;1.450810059
01.06.2013 12:00:40;2.372411777
01.06.2013 12:00:56;1.150161085
01.06.2013 12:02:08;1.184824686
01.06.2013 12:02:36;0.676867166
01.06.2013 12:03:48;0.829412101
01.06.2013 12:04:44;1.753754433
01.06.2013 12:05:16;0.542762467
01.06.2013 12:06:08;1.336643321
01.06.2013 12:07:36;0.733658308
01.06.2013 12:08:04;1.786150646
01.06.2013 12:08:44;0.55946542
01.06.2013 12:09:28;3.032936199
01.06.2013 12:10:16;0.984496769
01.06.2013 12:10:36;1.710580536
01.06.2013 12:10:40;0.931720591
01.06.2013 12:11:52;0.644107251
01.06.2013 12:12:52;1.6364255
01.06.2013 12:13:12;1.31367437
01.06.2013 12:14:16;2.037161306
01.06.2013 12:14:52;1.543677413
01.06.2013 12:16:12;0.893898929
01.06.2013 12:16:44;3.74354294
01.06.2013 12:17:48;1.358906613
01.06.2013 12:19:24;0.73255461
01.06.2013 12:20:32;2.154481509
01.06.2013 12:20:44;0.996575103
01.06.2013 12:21:08;2.42917016
01.06.2013 12:22:24;0.819103338
01.06.2013 12:24:00;0.764596282
01.06.2013 12:24:12;0.990335304
01.06.2013 12:25:04;2.080910626
01.06.2013 12:25:28;1.034963706
01.06.2013 12:26:04;0.566448505
01.06.2013 12:27:08;0.861588905
01.06.2013 12:28:24;2.25625679
01.06.2013 12:28:32;1.17658679
01.06.2013 12:28:36;0.604919308
01.06.2013 12:29:32;1.96835737
01.06.2013 12:29:32;1.302401819
01.06.2013 12:29:56;1.087944688
01.06.2013 12:30:24;2.653302277
01.06.2013 12:30:56;1.600969047
01.06.2013 12:31:08;0.971234164
01.06.2013 12:31:08;0.567402797
01.06.2013 12:32:08;0.664387134
01.06.2013 12:32:16;0.641190663
01.06.2013 12:32:48;1.841816091
01.06.2013 12:33:24;1.068788082
01.06.2013 12:34:52;0.56236162
01.06.2013 12:35:48;2.149558333
01.06.2013 12:36:36;1.299787134
01.06.2013 12:37:48;1.895390836
01.06.2013 12:37:48;0.809178653
01.06.2013 12:39:00;2.189158172
01.06.2013 12:39:52;1.748666253
01.06.2013 12:40:28;0.956105907
01.06.2013 12:41:24;1.491427315
01.06.2013 12:41:36;0.793910002
01.06.2013 12:42:12;0.607627354
01.06.2013 12:42:44;1.05630844
01.06.2013 12:44:04;1.715172859
01.06.2013 12:44:40;1.758516456
01.06.2013 12:46:00;1.06630151
01.06.2013 12:46:00;1.664089101
01.06.2013 12:47:04;1.734154024
01.06.2013 12:47:16;2.463087782
01.06.2013 12:48:32;1.35339972
01.06.2013 12:50:04;2.511811327
01.06.2013 12:51:08;1.383231119
01.06.2013 12:52:16;1.011316417
01.06.2013 12:53:00;0.977666789
01.06.2013 12:53:28;0.83862693
01.06.2013 12:54:12;0.791684578
01.06.2013 12:54:20;2.101973587
01.06.2013 12:55:20;0.684979841
01.06.2013 12:56:20;0.911518592
01.06.2013 12:57:04;1.23856185
01.06.2013 12:57:36;1.091039997
01.06.2013 12:58:04;1.543992183
01.06.2013 12:59:00;1.399358485
01.06.2013 12:59:32;1.503043645
01.06.2013 13:00:04;0.559760301
01.06.2013 13:01:32;1.201663172
01.06.2013 13:01:36;2.119584201
01.06.2013 13:01:56;0.969602778
01.06.2013 13:02:56;0.63226452
01.06.2013 13:04:08;0.775180246
01.06.2013 13:04:16;0.756848557
01.06.2013 13:05:52;0.972642878
01.06.2013 13:06:00;2.538626695
01.06.2013 13:07:28;0.536544934
01.06.2013 13:08:36;1.212026959
01.06.2013 13:09:44;1.522085013
01.06.2013 13:10:48;1.279574671
01.06.2013 13:11:04;1.697662264
01.06.2013 13:11:24;1.767067596
01.06.2013 13:11:32;1.243283578
01.06.2013 13:11:56;1.131670079
01.06.2013 13:12:20;3.749370675
01.06.2013 13:13:24;0.523248934
01.06.2013 13:13:48;1.736932898
01.06.2013 13:15:12;0.913053056
01.06.2013 13:16:24;0.517703384
01.06.2013 13:17:36;1.416115389
01.06.2013 13:17:52;1.055051477
01.06.2013 13:19:28;1.381326985
01.06.2013 13:20:08;0.537071254
01.06.2013 13:21:16;1.616600443
01.06.2013 13:21:16;1.462541048
01.06.2013 13:21:44;0.538037975
01.06.2013 13:22:40;1.3969337
01.06.2013 13:22:40;1.30228651
01.06.2013 13:23:28;1.190342874
01.06.2013 13:24:04;2.378397433
01.06.2013 13:25:20;3.09016772
01.06.2013 13:25:52;1.860555842
01.06.2013 13:27:12;1.648011728
01.06.2013 13:28:16;0.923293466
01.06.2013 13:28:24;1.834423923
01.06.2013 13:29:36;0.910535688
01.06.2013 13:30:48;1.43162489
01.06.2013 13:30:48;1.186295002
01.06.2013 13:31:40;1.865418167
01.06.2013 13:32:52;0.732471812
01.06.2013 13:34:16;2.431602807
01.06.2013 13:34:16;0.822338736
01.06.2013 13:34:16;2.507756727
01.06.2013 13:35:12;1.004171677
01.06.2013 13:35:44;1.298486633
01.06.2013 13:36:32;1.449267792
01.06.2013 13:37:32;1.266022032
01.06.2013 13:37:48;0.567422802
01.06.2013 13:39:00;1.572306352
01.06.2013 13:39:12;1.120276273
01.06.2013 13:39:20;0.818305015
01.06.2013 13:40:56;1.371945191
01.06.2013 13:42:04;0.61745415
01.06.2013 13:42:56;0.576799313
01.06.2013 13:43:24;0.9858058
01.06.2013 13:44:56;1.382611396
01.06.2013 13:45:28;0.665620843
01.06.2013 13:46:48;0.78268645
01.06.2013 13:48:12;2.269310985
01.06.2013 13:49:12;1.763643
01.06.2013 13:49:40;0.88827864
01.06.2013 13:50:56;1.701894887
01.06.2013 13:50:56;1.988634112
01.06.2013 13:51:40;1.265390703
01.06.2013 13:52:00;0.773920709
01.06.2013 13:53:32;0.740765173
01.06.2013 13:54:32;2.267937315
01.06.2013 13:55:48;2.06494289
01.06.2013 13:55:48;0.656043035
01.06.2013 13:57:08;0.571493752
01.06.2013 13:57:32;2.929722341
01.06.2013 13:59:04;0.551262101
01.06.2013 14:00:08;0.905841446
01.06.2013 14:00:16;1.045932549
01.06.2013 14:01:28;1.73809936
01.06.2013 14:01:48;1.049258853
01.06.2013 14:02:28;1.384967684
01.06.2013 14:02:40;2.404339105
01.06.2013 14:03:40;0.856556973
01.06.2013 14:03:52;2.574929144
01.06.2013 14:04:32;1.245774046
01.06.2013 14:04:40;1.653901443
01.06.2013 14:05:08;2.277220824
01.06.2013 14:05:32;2.400116918
01.06.2013 14:06:36;0.626429302
01.06.2013 14:07:24;0.937862464
01.06.2013 14:08:32;0.657892405
01.06.2013 14:10:08;1.339138517
01.06.2013 14:10:16;1.393983737
01.06.2013 14:10:36;0.511693509
01.06.2013 14:11:28;0.893691269
01.06.2013 14:12:08;0.596269117
01.06.2013 14:13:12;0.808335569
01.06.2013 14:14:40;0.966347518
01.06.2013 14:14:40;3.229942068
01.06.2013 14:15:48;1.057376922
01.06.2013 14:16:16;1.409804698
01.06.2013 14:16:32;1.058609264
01.06.2013 14:17:56;0.882282277
01.06.2013 14:19:16;0.785238216
01.06.2013 14:20:32;0.685082355
01.06.2013 14:20:32;1.38658796
01.06.2013 14:21:00;0.613817508
01.06.2013 14:22:12;1.478926006
01.06.2013 14:23:04;2.351694558
01.06.2013 14:23:32;3.176823822
01.06.2013 14:23:48;1.256910591
01.06.2013 14:25:20;0.767657104
01.06.2013 14:26:32;1.249159523
01.06.2013 14:27:08;0.92786056
01.06.2013 14:27:36;1.514262476
01.06.2013 14:28:08;2.080755959
01.06.2013 14:29:20;2.083137549
01.06.2013 14:29:52;0.580632985
01.06.2013 14:30:08;3.263626613
01.06.2013 14:31:40;2.233685852
01.06.2013 14:32:44;1.856428798
01.06.2013 14:33:28;0.956920032
01.06.2013 14:33:52;0.730228352
01.06.2013 14:35:04;0.513820593
01.06.2013 14:36:40;0.819839885
01.06.2013 14:37:40;1.188725641
01.06.2013 14:39:00;1.123071072
01.06.2013 14:40:08;1.089210564
01.06.2013 14:40:24;1.596276923
01.06.2013 14:40:44;0.555769433
01.06.2013 14:42:08;0.576260246
01.06.2013 14:43:28;0.718932441
01.06.2013 14:45:04;0.55968842
01.06.2013 14:46:36;0.873028261
01.06.2013 14:48:00;1.945109465
01.06.2013 14:48:48;0.528004659
01.06.2013 14:49:28;0.882668351
01.06.2013 14:50:44;2.968064515
01.06.2013 14:51:08;1.582569847
01.06.2013 14:52:28;1.296000018
01.06.2013 14:53:36;1.255427637
01.06.2013 14:53:56;1.109212038
01.06.2013 14:55:32;1.363945499
01.06.2013 14:56:56;1.259423178
01.06.2013 14:57:52;0.760214959
01.06.2013 14:58:56;0.58424462
01.06.2013 14:59:40;1.431507226
01.06.2013 15:00:44;2.656345381
01.06.2013 15:01:20;0.675611834
01.06.2013 15:02:20;0.784994274
01.06.2013 15:03:00;0.972252069
01.06.2013 15:04:04;0.56175676
01.06.2013 15:04:40;0.944068384
01.06.2013 15:05:40;1.565513684
01.06.2013 15:06:08;1.365503632
01.06.2013 15:06:32;0.689765688
01.06.2013 15:08:04;3.130089444
01.06.2013 15:08:08;0.828360528
01.06.2013 15:08:24;0.582635827
01.06.2013 15:09:52;1.448128219
01.06.2013 15:10:04;1.600470231
01.06.2013 15:10:44;0.948524835
01.06.2013 15:11:56;1.912064165
01.06.2013 15:12:12;0.506549989
01.06.2013 15:13:28;0.633288897
01.06.2013 15:14:44;0.73171212
01.06.2013 15:16:00;0.682792797
01.06.2013 15:17:00;0.669871366
01.06.2013 15:17:12;1.249681815
01.06.2013 15:17:20;2.079885553
01.06.2013 15:18:24;2.14432624
01.06.2013 15:19:32;0.692339852
01.06.2013 15:20:04;1.4071856
01.06.2013 15:20:04;1.019766417
01.06.2013 15:21:12;1.391512983
01.06.2013 15:21:48;1.053730863
01.06.2013 15:22:00;0.582002015
01.06.2013 15:23:28;2.953416983
01.06.2013 15:24:16;2.816306006
01.06.2013 15:25:24;1.228424232
01.06.2013 15:25:36;1.626648762
01.06.2013 15:26:48;1.296414631
01.06.2013 15:27:52;1.122980782
01.06.2013 15:28:48;2.006811082
01.06.2013 15:29:00;1.732402982
01.06.2013 15:30:16;1.095565593
01.06.2013 15:30:16;0.52699928
01.06.2013 15:31:16;2.102521853
01.06.2013 15:31:48;1.356858621
01.06.2013 15:32:44;2.27669898
01.06.2013 15:32:48;0.713240969
01.06.2013 15:33:12;1.045189064
01.06.2013 15:34:00;0.887965463
01.06.2013 15:34:20;0.672270873
01.06.2013 15:35:04;1.016806861
01.06.2013 15:36:00;1.227815222
01.06.2013 15:37:08;0.522120378
01.06.2013 15:37:56;1.79743411
01.06.2013 15:39:12;1.191787877
01.06.2013 15:40:28;2.627606527
01.06.2013 15:41:00;1.954032629
01.06.2013 15:41:40;1.045885156
01.06.2013 15:41:40;1.616515536
01.06.2013 15:43:16;1.905111092
01.06.2013 15:43:24;1.731804915
01.06.2013 15:44:00;0.793263659
01.06.2013 15:44:36;0.934942315
01.06.2013 15:46:12;1.428804609
01.06.2013 15:46:16;1.523898971
01.06.2013 15:46:40;0.851261147
01.06.2013 15:47:08;1.445861232
01.06.2013 15:48:40;0.523124657
01.06.2013 15:50:04;0.707466941
01.06.2013 15:50:48;0.598188595
01.06.2013 15:52:12;1.603843973
01.06.2013 15:52:32;0.537608986
01.06.2013 15:54:08;1.686385982
01.06.2013 15:54:52;1.191511705
01.06.2013 15:56:28;1.501409575
01.06.2013 15:56:40;0.942337996
01.06.2013 15:57:32;0.975067929
01.06.2013 15:58:20;0.768307544
01.06.2013 15:58:36;1.648906397
01.06.2013 16:00:00;0.684841694
01.06.2013 16:00:28;1.060873512
01.06.2013 16:00:36;1.248218224
01.06.2013 16:01:00;0.965434767
01.06.2013 16:02:32;0.847055988
01.06.2013 16:02:40;0.593299675
01.06.2013 16:04:16;1.284126338
01.06.2013 16:05:00;0.700203316
01.06.2013 16:05:24;2.521551279
01.06.2013 16:06:08;1.611939348
01.06.2013 16:06:52;1.599214346
01.06.2013 16:07:56;1.298624355
01.06.2013 16:09:20;1.919268534
01.06.2013 16:10:56;1.652061041
01.06.2013 16:11:04;1.342066106
01.06.2013 16:12:28;1.342320925
01.06.2013 16:12:32;1.155524212
01.06.2013 16:13:24;1.006306623
01.06.2013 16:13:40;1.254691958
01.06.2013 16:13:44;0.532217181
01.06.2013 16:15:04;1.684169789
01.06.2013 16:15:20;2.149956615
01.06.2013 16:16:36;1.452482256
01.06.2013 16:17:08;1.124308721
01.06.2013 16:18:04;1.336620354
01.06.2013 16:18:16;1.007114417
01.06.2013 16:18:44;1.503547824
01.06.2013 16:19:44;1.155012944
01.06.2013 16:20:32;1.162820799
01.06.2013 16:22:00;1.043007607
01.06.2013 16:22:32;0.609063158
01.06.2013 16:23:56;0.558548434
01.06.2013 16:24:40;1.464179462
01.06.2013 16:25:04;0.861116044
01.06.2013 16:26:36;1.153546786
01.06.2013 16:27:44;0.649186543
01.06.2013 16:29:08;1.638922474
01.06.2013 16:30:16;1.965641323
01.06.2013 16:30:28;3.039688093
01.06.2013 16:30:48;2.432583731
01.06.2013 16:31:16;1.490646566
01.06.2013 16:32:20;1.31249877
01.06.2013 16:32:52;1.368847773
01.06.2013 16:33:56;1.240784989
01.06.2013 16:34:32;0.868944402
01.06.2013 16:35:08;2.180505909
01.06.2013 16:35:32;2.359063374
01.06.2013 16:36:12;1.046649161
01.06.2013 16:36:24;1.013551071
01.06.2013 16:36:40;1.583898881
01.06.2013 16:36:40;0.662314855
01.06.2013 16:37:52;0.843523625
01.06.2013 16:37:56;2.474118425
01.06.2013 16:39:28;1.521148412
01.06.2013 16:40:16;0.961516852
01.06.2013 16:41:40;0.834920842
01.06.2013 16:41:40;0.969193879
01.06.2013 16:42:04;0.854607716
01.06.2013 16:42:40;0.596630091
01.06.2013 16:43:44;0.682246688
01.06.2013 16:44:32;1.124075994
01.06.2013 16:45:56;0.532679876
01.06.2013 16:47:28;0.685643426
01.06.2013 16:48:16;0.725431182
01.06.2013 16:49:00;1.065902099
01.06.2013 16:49:12;1.844911797
01.06.2013 16:49:20;1.092940965
01.06.2013 16:50:20;1.264654721
01.06.2013 16:50:48;0.873171842
01.06.2013 16:51:48;0.811000024
01.06.2013 16:52:04;1.283359354
01.06.2013 16:52:20;1.696061262
01.06.2013 16:52:36;1.583834914
01.06.2013 16:53:52;1.532716228
01.06.2013 16:55:00;0.54938746
01.06.2013 16:55:20;0.652333342
01.06.2013 16:55:40;0.649476965
01.06.2013 16:56:20;1.106754858
01.06.2013 16:57:08;0.502036202
01.06.2013 16:57:44;0.951951484
01.06.2013 16:59:16;0.613168557
01.06.2013 16:59:48;0.980471487
01.06.2013 17:00:24;1.400405181
01.06.2013 17:00:48;1.424354256
01.06.2013 17:01:52;1.731345982
01.06.2013 17:03:24;0.769976237
01.06.2013 17:03:28;1.777670576
01.06.2013 17:04:56;2.512282847
01.06.2013 17:05:20;1.537577891
01.06.2013 17:05:20;1.942381658
01.06.2013 17:05:36;0.787449448
01.06.2013 17:07:04;1.255920901
01.06.2013 17:08:20;1.209695762
01.06.2013 17:09:36;1.208207038
01.06.2013 17:10:16;1.208055009
01.06.2013 17:10:40;1.17285804
01.06.2013 17:11:32;1.463816357
01.06.2013 17:12:16;1.36198651
01.06.2013 17:13:00;1.889720542
01.06.2013 17:14:08;1.952065093
01.06.2013 17:14:20;2.240292009
01.06.2013 17:15:20;0.574375576
01.06.2013 17:15:44;1.435730533
01.06.2013 17:17:12;0.53043178
01.06.2013 17:18:16;0.747193884
01.06.2013 17:19:28;0.659710238
01.06.2013 17:19:32;2.833528298
01.06.2013 17:20:20;1.051296012
01.06.2013 17:21:28;1.358019404
01.06.2013 17:22:16;0.89060843
01.06.2013 17:22:48;0.674516108
01.06.2013 17:24:12;2.677754899
01.06.2013 17:24:48;1.842909588
01.06.2013 17:25:08;1.049153923
01.06.2013 17:25:16;1.075679641
01.06.2013 17:25:32;0.664128754
01.06.2013 17:27:08;1.110337296
01.06.2013 17:27:20;2.493656599
01.06.2013 17:27:36;2.408379382
01.06.2013 17:28:52;2.508733496
01.06.2013 17:30:00;0.987166926
01.06.2013 17:30:12;1.372534368
01.06.2013 17:30:36;1.626172505
01.06.2013 17:32:08;1.039525034
01.06.2013 17:33:20;1.407113865
01.06.2013 17:34:16;1.313723714
01.06.2013 17:35:24;0.814662712
01.06.2013 17:35:48;0.57595199
01.06.2013 17:35:56;2.13662833
01.06.2013 17:36:56;1.081884301
01.06.2013 17:38:32;1.613458315
01.06.2013 17:39:08;0.634074939
01.06.2013 17:39:36;0.740925393
01.06.2013 17:39:36;2.665105316
01.06.2013 17:40:44;0.520176882
01.06.2013 17:42:04;0.860153446
01.06.2013 17:42:28;0.735751673
01.06.2013 17:42:32;1.066584125
01.06.2013 17:42:48;0.61446262
01.06.2013 17:43:04;1.578496211
01.06.2013 17:43:32;2.855079797
01.06.2013 17:44:48;0.71685807
01.06.2013 17:45:52;1.826310202
01.06.2013 17:47:28;0.684547417
01.06.2013 17:49:04;1.184029828
01.06.2013 17:49:56;1.363421079
01.06.2013 17:51:32;1.742242565
01.06.2013 17:52:48;1.607023006
01.06.2013 17:54:20;1.437817123
01.06.2013 17:54:36;0.821532509
01.06.2013 17:54:36;0.555311409
01.06.2013 17:54:56;2.263891625
01.06.2013 17:55:20;1.587295246
01.06.2013 17:56:00;1.072379273
01.06.2013 17:56:24;0.755736175
01.06.2013 17:57:52;1.390597324
01.06.2013 17:58:28;1.902859856
01.06.2013 17:59:00;0.920295436
01.06.2013 17:59:44;2.071838634
01.06.2013 18:01:16;1.717959661
01.06.2013 18:02:32;1.617823051
01.06.2013 18:03:44;1.7577703
01.06.2013 18:04:04;0.867001386
01.06.2013 18:05:40;0.573702911
01.06.2013 18:06:32;1.202727154
01.06.2013 18:06:32;1.129958519
01.06.2013 18:08:00;0.749435809
01.06.2013 18:08:12;1.257612593
01.06.2013 18:09:00;1.722149025
01.06.2013 18:09:48;0.613307572
01.06.2013 18:09:48;0.681246095
01.06.2013 18:11:00;1.368856881
01.06.2013 18:12:20;1.122971981
01.06.2013 18:13:24;0.623705103
01.06.2013 18:13:52;0.720264655
01.06.2013 18:14:44;1.161323988
01.06.2013 18:14:44;1.0013291
01.06.2013 18:14:44;0.693369175
01.06.2013 18:16:04;0.987579497
01.06.2013 18:16:12;1.799046084
01.06.2013 18:17:32;0.608303157
01.06.2013 18:18:08;1.799306828
01.06.2013 18:18:56;0.858661181
01.06.2013 18:19:52;1.458691734
01.06.2013 18:20:08;1.289337561
01.06.2013 18:21:08;0.854479578
01.06.2013 18:22:04;1.321802721
01.06.2013 18:22:16;1.133080336
01.06.2013 18:23:28;1.644197232
01.06.2013 18:25:04;0.622802764
01.06.2013 18:26:24;1.772782299
01.06.2013 18:27:44;1.816287862
01.06.2013 18:28:32;0.763391557
01.06.2013 18:29:00;0.701474753
01.06.2013 18:30:24;2.175257517
01.06.2013 18:31:56;1.022359885
01.06.2013 18:32:28;0.536141717
01.06.2013 18:33:20;0.646450424
01.06.2013 18:34:52;1.115636045
01.06.2013 18:35:52;1.203603687
01.06.2013 18:37:16;0.581870626
01.06.2013 18:37:48;1.248312625
01.06.2013 18:38:12;1.744304056
01.06.2013 18:39:40;0.653433463
01.06.2013 18:40:40;1.096593293
01.06.2013 18:42:04;0.865151689
01.06.2013 18:42:28;1.513703184
01.06.2013 18:43:48;0.893456844
01.06.2013 18:45:16;0.972893537
01.06.2013 18:46:08;0.78406512
01.06.2013 18:46:40;1.501293001
01.06.2013 18:48:12;0.632127628
01.06.2013 18:49:44;0.51613771
01.06.2013 18:50:12;0.894776982
01.06.2013 18:51:32;1.597217437
01.06.2013 18:52:40;2.026547022
01.06.2013 18:53:24;1.4259183
01.06.2013 18:53:32;0.993817602
01.06.2013 18:53:40;0.711265777
01.06.2013 18:55:16;1.535423544
01.06.2013 18:55:44;0.884056923
01.06.2013 18:56:44;2.219386846
01.06.2013 18:57:36;0.947326939
01.06.2013 18:57:44;0.838737077
01.06.2013 18:58:20;0.578606354
01.06.2013 18:59:44;1.356980709
01.06.2013 19:01:20;1.58444092
01.06.2013 19:01:44;0.756316319
01.06.2013 19:02:00;1.560406976
01.06.2013 19:02:24;2.345888819
01.06.2013 19:02:36;1.932576148
01.06.2013 19:03:44;0.622926961
01.06.2013 19:04:36;2.445972699
01.06.2013 19:05:44;1.49625245
01.06.2013 19:06:04;0.865199936
01.06.2013 19:07:32;0.652985226
01.06.2013 19:08:16;1.419855122
01.06.2013 19:08:48;0.843110667
01.06.2013 19:08:48;1.73759462
01.06.2013 19:09:40;1.6632593
01.06.2013 19:10:44;1.777632268
01.06.2013 19:11:40;1.828733867
01.06.2013 19:12:52;0.508948684
01.06.2013 19:13:48;1.349936451
01.06.2013 19:15:08;0.919772577
01.06.2013 19:16:16;1.829080554
01.06.2013 19:17:12;1.33731623
01.06.2013 19:17:40;1.83803223
01.06.2013 19:19:08;1.300521269
01.06.2013 19:20:44;0.674699806
01.06.2013 19:21:04;1.135278577
01.06.2013 19:22:08;2.398745787
01.06.2013 19:22:20;0.609280607
01.06.2013 19:23:48;1.196527855
01.06.2013 19:23:48;2.191164808
01.06.2013 19:24:56;0.754969298
01.06.2013 19:25:04;1.436349778
01.06.2013 19:25:32;1.424277217
01.06.2013 19:26:56;0.84149961
01.06.2013 19:27:20;1.51045779
01.06.2013 19:28:12;1.962885837
01.06.2013 19:28:32;2.654086818
01.06.2013 19:29:04;0.589632487
01.06.2013 19:29:56;1.333436892
01.06.2013 19:30:20;1.38443855
01.06.2013 19:31:00;0.822155517
01.06.2013 19:32:08;1.852135817
01.06.2013 19:32:56;1.541021958
01.06.2013 19:33:20;1.755536813
01.06.2013 19:33:56;0.557285113
01.06.2013 19:34:36;2.403739845
01.06.2013 19:34:36;1.401189503
01.06.2013 19:35:00;0.711099784
01.06.2013 19:35:08;1.437001128
01.06.2013 19:36:36;1.675598238
01.06.2013 19:36:52;0.912641193
01.06.2013 19:37:44;1.6829166
01.06.2013 19:38:52;1.484755487
01.06.2013 19:39:00;1.123367433
01.06.2013 19:39:08;1.133578889
01.06.2013 19:39:16;0.857162149
01.06.2013 19:40:00;1.608047456
01.06.2013 19:41:00;0.631694322
01.06.2013 19:42:24;1.16577796
01.06.2013 19:42:44;0.962070901
01.06.2013 19:44:08;0.786740906
01.06.2013 19:44:48;0.505892782
01.06.2013 19:45:52;1.451227091
01.06.2013 19:47:28;2.482229968
01.06.2013 19:48:16;1.079420232
01.06.2013 19:48:48;1.451260178
01.06.2013 19:49:40;1.147300075
01.06.2013 19:50:08;1.198240395
01.06.2013 19:51:32;2.133179874
01.06.2013 19:52:20;0.795535534
01.06.2013 19:53:08;0.719163494
01.06.2013 19:54:32;2.675032171
01.06.2013 19:55:40;1.400362884
01.06.2013 19:55:56;0.741825402
01.06.2013 19:57:28;0.568644647
01.06.2013 19:57:40;0.956498866
01.06.2013 19:58:12;2.48879213
01.06.2013 19:58:12;2.098892022
01.06.2013 19:58:40;1.662278916
01.06.2013 19:58:44;0.794250841
01.06.2013 19:59:04;1.990319956
01.06.2013 20:00:40;2.066650059
01.06.2013 20:01:32;2.025526641
01.06.2013 20:02:40;1.028624842
01.06.2013 20:03:08;1.966646172
01.06.2013 20:04:20;1.596023125
01.06.2013 20:04:32;0.512123898
01.06.2013 20:05:40;0.539514638
01.06.2013 20:06:20;0.525209993
01.06.2013 20:06:28;0.729832588
01.06.2013 20:07:36;1.090223936
01.06.2013 20:07:44;1.239792845
01.06.2013 20:08:16;0.557855977
01.06.2013 20:09:04;1.811455122
01.06.2013 20:09:32;1.190088567
01.06.2013 20:09:36;0.579624573
01.06.2013 20:10:36;0.750899876
01.06.2013 20:11:36;1.536465642
01.06.2013 20:12:20;2.481221912
01.06.2013 20:13:32;2.04981977
01.06.2013 20:14:32;2.101593144
01.06.2013 20:16:08;1.123302816
01.06.2013 20:16:32;1.152884867
01.06.2013 20:16:44;1.178194656
01.06.2013 20:17:32;1.54342968
01.06.2013 20:17:56;1.521940905
01.06.2013 20:19:20;1.654569169
01.06.2013 20:19:40;0.846523318
01.06.2013 20:20:00;1.266794391
01.06.2013 20:20:00;2.508107963
01.06.2013 20:20:32;0.726520213
01.06.2013 20:20:32;1.220533161
01.06.2013 20:21:32;2.934427042
01.06.2013 20:22:00;1.047400434
01.06.2013 20:23:12;0.561942611
01.06.2013 20:24:44;0.973401145
01.06.2013 20:24:44;1.30949176
01.06.2013 20:25:48;0.580717668
01.06.2013 20:27:16;1.414308966
01.06.2013 20:27:24;0.776796907
01.06.2013 20:27:28;0.532567092
01.06.2013 20:28:16;1.246026255
01.06.2013 20:29:36;2.033977509
01.06.2013 20:29:52;0.799520145
01.06.2013 20:30:32;1.20730631
01.06.2013 20:32:00;1.76649167
01.06.2013 20:32:12;0.657808985
01.06.2013 20:33:44;1.019972347
01.06.2013 20:34:44;2.17918169
01.06.2013 20:36:04;1.27534263
01.06.2013 20:37:20;1.603783854
01.06.2013 20:37:48;1.633646434
01.06.2013 20:38:28;1.246719032
01.06.2013 20:38:56;1.421278888
01.06.2013 20:40:24;1.122943865
01.06.2013 20:41:24;1.733843947
01.06.2013 20:42:40;1.050732198
01.06.2013 20:43:40;0.576593118
01.06.2013 20:45:04;0.7005466
01.06.2013 20:45:20;1.131575671
01.06.2013 20:46:12;0.701690356
01.06.2013 20:47:44;1.163930943
01.06.2013 20:48:12;2.036523921
01.06.2013 20:49:28;0.613813261
01.06.2013 20:50:12;0.752390601
01.06.2013 20:51:04;1.109598403
01.06.2013 20:52:04;1.265397084
01.06.2013 20:53:40;1.219923184
01.06.2013 20:53:52;2.37378939
01.06.2013 20:54:04;1.634293371
01.06.2013 20:54:08;1.198556238
01.06.2013 20:55:08;0.741629338
01.06.2013 20:55:08;1.23879723
01.06.2013 20:55:12;1.41296579
01.06.2013 20:56:48;1.460267205
01.06.2013 20:57:40;0.638507345
01.06.2013 20:57:48;1.698475649
01.06.2013 20:59:16;1.736001547
01.06.2013 21:00:20;1.301580429
01.06.2013 21:00:32;1.329680306
01.06.2013 21:00:32;1.091255631
01.06.2013 21:00:48;1.541667281
01.06.2013 21:01:44;1.308804791
01.06.2013 21:02:20;0.633020551
01.06.2013 21:03:40;0.666557265
01.06.2013 21:05:00;1.54960915
01.06.2013 21:05:08;0.948387031
01.06.2013 21:06:40;0.51158003
01.06.2013 21:06:52;0.629135638
01.06.2013 21:08:28;0.53541449
01.06.2013 21:09:32;1.874804843
01.06.2013 21:10:08;1.241903859
01.06.2013 21:10:12;2.028221886
01.06.2013 21:11:32;1.012224118
01.06.2013 21:12:12;2.193599788
01.06.2013 21:13:24;1.102662221
01.06.2013 21:14:20;0.676408197
01.06.2013 21:15:00;2.055484366
01.06.2013 21:15:48;0.772577575
01.06.2013 21:16:44;2.350307855
01.06.2013 21:17:36;1.866311308
01.06.2013 21:18:16;0.506985673
01.06.2013 21:19:24;1.460845644
01.06.2013 21:20:40;0.961012794
01.06.2013 21:22:12;0.983728578
01.06.2013 21:23:28;1.351919799
01.06.2013 21:23:56;1.281907174
01.06.2013 21:24:20;1.213706474
01.06.2013 21:25:12;1.545591403
01.06.2013 21:26:32;0.973266564
01.06.2013 21:27:36;1.223436089
01.06.2013 21:27:40;0.652843397
01.06.2013 21:28:44;1.35480558
01.06.2013 21:28:52;1.030622172
01.06.2013 21:30:28;1.918309642
01.06.2013 21:30:44;0.744504607
01.06.2013 21:31:44;1.649353525
01.06.2013 21:32:16;1.519701398
01.06.2013 21:33:16;0.584527013
01.06.2013 21:34:16;0.912256293
01.06.2013 21:34:28;1.729411847
01.06.2013 21:36:00;0.698944978
01.06.2013 21:36:32;0.773830355
01.06.2013 21:37:08;2.228941074
01.06.2013 21:37:12;1.700997565
01.06.2013 21:37:28;1.094433564
01.06.2013 21:38:32;1.574852082
01.06.2013 21:39:28;1.550921241
01.06.2013 21:39:52;0.91071568
01.06.2013 21:41:24;0.753149404
01.06.2013 21:42:08;1.203178811
01.06.2013 21:42:36;0.627340172
01.06.2013 21:42:40;0.852898707
01.06.2013 21:42:40;0.986236083
01.06.2013 21:43:28;0.582061217
01.06.2013 21:44:48;1.977337542
01.06.2013 21:45:24;0.981929546
01.06.2013 21:46:36;0.63852445
01.06.2013 21:48:00;1.368994828
01.06.2013 21:49:32;0.621846672
01.06.2013 21:49:52;0.917500611
01.06.2013 21:50:08;0.504927335
01.06.2013 21:50:44;1.143070018
01.06.2013 21:51:08;0.858291802
01.06.2013 21:51:56;0.559336129
01.06.2013 21:52:24;0.989620535
01.06.2013 21:53:16;2.243785492
01.06.2013 21:53:48;1.219428174
01.06.2013 21:55:08;1.281406938
01.06.2013 21:56:44;0.955404749
01.06.2013 21:58:08;0.815708207
01.06.2013 21:59:12;2.667456073
01.06.2013 21:59:36;0.763368099
01.06.2013 21:59:48;2.534302566
01.06.2013 22:00:28;1.058787849
01.06.2013 22:01:04;1.069627496
01.06.2013 22:02:40;1.964739569
01.06.2013 22:03:24;1.08008946
01.06.2013 22:03:56;1.952025629
01.06.2013 22:05:16;0.559611997
01.06.2013 22:05:52;0.983598679
01.06.2013 22:06:36;1.352832288
01.06.2013 22:07:16;0.772371669
01.06.2013 22:08:32;0.777758611
01.06.2013 22:09:24;1.408483148
01.06.2013 22:11:00;2.639057421
01.06.2013 22:11:32;1.649235284
01.06.2013 22:11:36;1.917964011
01.06.2013 22:12:48;0.933114804
01.06.2013 22:14:16;1.903301046
01.06.2013 22:14:52;0.508625022
01.06.2013 22:16:04;1.599435444
01.06.2013 22:16:16;0.620081233
01.06.2013 22:16:36;0.775256239
01.06.2013 22:16:40;0.596260806
01.06.2013 22:17:56;1.419221767
01.06.2013 22:19:00;1.773346785
01.06.2013 22:19:12;1.156359299
01.06.2013 22:19:36;1.035310694
01.06.2013 22:20:52;1.375469337
01.06.2013 22:21:28;1.366427193
01.06.2013 22:22:36;0.848268658
01.06.2013 22:23:24;1.22246477
01.06.2013 22:24:04;0.512698361
01.06.2013 22:25:36;1.562800411
01.06.2013 22:26:36;0.688525145
01.06.2013 22:28:00;0.66340536
01.06.2013 22:29:16;0.922349536
01.06.2013 22:29:36;1.170060782
01.06.2013 22:31:04;0.822197427
01.06.2013 22:31:48;2.158967724
01.06.2013 22:32:56;1.048774286
01.06.2013 22:33:20;1.178779106
01.06.2013 22:34:52;1.266577226
01.06.2013 22:36:08;0.786210435
01.06.2013 22:36:12;1.94687996
01.06.2013 22:37:40;1.226661936
01.06.2013 22:37:40;1.723109504
01.06.2013 22:38:04;1.680990613
01.06.2013 22:39:20;0.76703183
01.06.2013 22:40:44;1.04298658
01.06.2013 22:41:16;1.373408141
01.06.2013 22:42:48;0.641907233
01.06.2013 22:43:28;1.843092767
01.06.2013 22:44:56;2.764279085
01.06.2013 22:46:16;2.670683255
01.06.2013 22:47:00;1.463846093
01.06.2013 22:48:16;2.314816071
01.06.2013 22:48:20;1.697014502
01.06.2013 22:48:52;1.384870514
01.06.2013 22:50:28;0.628925371
01.06.2013 22:51:28;0.995743452
01.06.2013 22:51:56;1.985958805
01.06.2013 22:52:56;0.791113084
01.06.2013 22:53:12;0.786704465
01.06.2013 22:54:16;1.991553384
01.06.2013 22:54:24;1.333226371
01.06.2013 22:55:32;1.391043662
01.06.2013 22:56:52;0.558349025
01.06.2013 22:58:12;0.588714089
01.06.2013 22:58:52;0.628150313
01.06.2013 22:59:08;1.035219094
01.06.2013 23:00:28;1.457034201
01.06.2013 23:01:44;0.839975652
01.06.2013 23:02:36;1.959256564
01.06.2013 23:03:56;1.150522508
01.06.2013 23:04:40;0.890032255
01.06.2013 23:06:08;1.396057758
01.06.2013 23:06:16;0.803509446
01.06.2013 23:07:04;1.299714469
01.06.2013 23:07:20;1.094714791
01.06.2013 23:07:56;0.730548769
01.06.2013 23:09:24;0.83875074
01.06.2013 23:10:20;0.976473579
01.06.2013 23:11:28;0.556491324
01.06.2013 23:11:28;1.2862622
01.06.2013 23:11:36;0.800545584
01.06.2013 23:13:12;2.034469501
01.06.2013 23:13:32;0.517361778
01.06.2013 23:14:36;1.669880013
01.06.2013 23:15:00;0.673427567
01.06.2013 23:15:56;0.567808907
01.06.2013 23:17:12;1.049280374
01.06.2013 23:18:20;0.616463757
01.06.2013 23:19:16;1.491798956
01.06.2013 23:20:36;2.441010546
01.06.2013 23:22:08;2.086713692
01.06.2013 23:22:40;0.729505617
01.06.2013 23:22:52;0.54947379
01.06.2013 23:24:28;1.229190426
01.06.2013 23:24:36;0.744589488
01.06.2013 23:25:40;1.99506012
01.06.2013 23:26:44;1.501469186
01.06.2013 23:27:00;2.27300359
01.06.2013 23:27:48;0.524004818
01.06.2013 23:28:20;0.89133396
01.06.2013 23:29:04;1.665706793
01.06.2013 23:29:40;0.702355573
01.06.2013 23:29:40;0.668553763
01.06.2013 23:30:52;0.985965964
01.06.2013 23:31:12;1.996995144
01.06.2013 23:32:16;0.690554522
01.06.2013 23:33:24;1.54749541
01.06.2013 23:34:20;0.764063309
01.06.2013 23:34:52;1.599550538
01.06.2013 23:36:16;1.136599838
01.06.2013 23:36:24;2.288451827
01.06.2013 23:37:56;0.720587437
01.06.2013 23:39:20;0.80851746
01.06.2013 23:39:48;0.636285851
01.06.2013 23:40:36;2.769412883
01.06.2013 23:41:08;0.839589474
01.06.2013 23:42:00;0.801632629
01.06.2013 23:42:40;0.981346615
01.06.2013 23:43:40;1.152020571
01.06.2013 23:44:32;1.542385472
01.06.2013 23:45:08;0.687464328
01.06.2013 23:45:12;0.926223288
01.06.2013 23:46:04;1.011982488
01.06.2013 23:47:04;1.837602546
01.06.2013 23:47:36;0.811836906
01.06.2013 23:47:44;0.951000873
01.06.2013 23:49:08;2.315008548
01.06.2013 23:49:28;1.486207573
01.06.2013 23:50:56;0.706098608
01.06.2013 23:51:44;1.42652462
01.06.2013 23:51:48;1.167376262
01.06.2013 23:52:28;3.259468538
01.06.2013 23:53:40;1.289288116
01.06.2013 23:54:52;1.297696197
01.06.2013 23:55:32;2.515896973
01.06.2013 23:55:52;1.420543811
01.06.2013 23:55:52;1.822273793
01.06.2013 23:56:16;1.268621251
01.06.2013 23:56:56;0.729228023
01.06.2013 23:56:56;2.86343361
01.06.2013 23:57:44;0.744383352
01.06.2013 23:58:16;1.214736514
01.06.2013 23:59:20;2.559919961
01.06.2013 23:59:32;1.456318763
01.06.2013 23:59:56;1.780087087
02.06.2013 0:00:12;2.580001816
02.06.2013 0:00:12;1.063222212
02.06.2013 0:00:24;1.13524309
02.06.2013 0:02:00;0.524654544
02.06.2013 0:03:32;2.154101257
02.06.2013 0:04:40;2.336707691
02.06.2013 0:05:40;2.060754377
02.06.2013 0:07:08;1.56546155
02.06.2013 0:07:08;1.053684307
02.06.2013 0:08:08;1.776376948
02.06.2013 0:08:32;0.881791018
02.06.2013 0:09:24;1.155276269
02.06.2013 0:11:00;1.165431802
02.06.2013 0:11:08;0.812423634
02.06.2013 0:11:36;0.977866287
02.06.2013 0:13:08;1.382632174
02.06.2013 0:13:52;1.172053718
02.06.2013 0:14:52;0.616587053
02.06.2013 0:15:12;1.707461716
02.06.2013 0:15:56;2.240470479
02.06.2013 0:17:12;1.259761441
02.06.2013 0:17:44;2.126253288
02.06.2013 0:18:08;1.280791691
02.06.2013 0:18:56;1.581915298
02.06.2013 0:20:32;1.167505561
02.06.2013 0:20:40;1.067868506
02.06.2013 0:22:16;0.734123437
02.06.2013 0:22:40;0.628387732
02.06.2013 0:22:44;0.769251874
02.06.2013 0:24:12;1.014739109
02.06.2013 0:25:40;0.831880498
02.06.2013 0:27:04;1.507738289
02.06.2013 0:28:28;1.956850447
02.06.2013 0:29:44;1.275448299
02.06.2013 0:31:20;0.839366133
02.06.2013 0:32:56;1.536949369
02.06.2013 0:33:48;0.991857791
02.06.2013 0:34:48;1.861702278
02.06.2013 0:36:00;0.678861953
02.06.2013 0:36:16;0.507776354
02.06.2013 0:36:52;0.9736742
02.06.2013 0:37:40;1.313659396
02.06.2013 0:37:44;2.489345786
02.06.2013 0:38:08;2.761786417
02.06.2013 0:39:16;0.636712535
02.06.2013 0:39:20;0.923571093
02.06.2013 0:40:36;1.442319271
02.06.2013 0:42:00;1.384494533
02.06.2013 0:42:48;0.965775012
02.06.2013 0:43:12;0.806255696
02.06.2013 0:44:32;1.656838043
02.06.2013 0:45:24;1.374574779
02.06.2013 0:46:16;1.633292151
02.06.2013 0:46:36;0.575356488
02.06.2013 0:47:24;0.730339629
02.06.2013 0:48:16;1.381778909
02.06.2013 0:49:28;0.974388086
02.06.2013 0:50:52;0.604409034
02.06.2013 0:52:08;0.917267932
02.06.2013 0:52:08;0.799456943
02.06.2013 0:53:32;0.655015561
02.06.2013 0:54:36;1.217031208
02.06.2013 0:54:52;0.875140236
02.06.2013 0:55:12;0.809523465
02.06.2013 0:55:24;0.928213787
02.06.2013 0:56:40;1.255844716
02.06.2013 0:57:00;0.505091638
02.06.2013 0:58:36;1.007867776
02.06.2013 1:00:12;0.812447178
02.06.2013 1:01:44;0.968625005
02.06.2013 1:02:00;0.740293371
02.06.2013 1:03:16;1.71928432
02.06.2013 1:04:16;2.707566702
02.06.2013 1:04:52;1.403005304
02.06.2013 1:05:24;0.739258139
02.06.2013 1:06:04;0.607475838
02.06.2013 1:06:04;1.025379984
02.06.2013 1:07:24;1.506718283
02.06.2013 1:08:56;2.020909675
02.06.2013 1:08:56;0.919891425
02.06.2013 1:09:28;0.980505083
02.06.2013 1:09:56;0.983443314
02.06.2013 1:10:32;0.553223233
02.06.2013 1:10:48;0.566188446
02.06.2013 1:11:24;1.806192783
02.06.2013 1:12:20;0.738108441
02.06.2013 1:13:44;1.007893124
02.06.2013 1:13:56;1.372075491
02.06.2013 1:15:32;1.41507985
02.06.2013 1:15:48;0.743058187
02.06.2013 1:16:32;0.800429443
02.06.2013 1:16:52;0.525476289
02.06.2013 1:17:16;1.339680912
02.06.2013 1:17:32;1.208723373
02.06.2013 1:17:36;0.97773057
02.06.2013 1:18:24;1.645890798
02.06.2013 1:19:48;1.279601377
02.06.2013 1:20:04;1.25795247
02.06.2013 1:20:40;1.086815368
02.06.2013 1:21:00;0.570860547
02.06.2013 1:22:36;0.752442031
02.06.2013 1:23:28;1.841180966
02.06.2013 1:23:44;1.408689313
02.06.2013 1:24:20;1.301873168
02.06.2013 1:25:20;1.409351341
02.06.2013 1:25:40;3.184175731
02.06.2013 1:26:20;1.189612759
02.06.2013 1:27:56;0.894789995
02.06.2013 1:29:24;0.989999979
02.06.2013 1:30:32;0.811919947
02.06.2013 1:30:52;1.368630489
02.06.2013 1:31:44;0.536723347
02.06.2013 1:33:20;1.997273837
02.06.2013 1:34:32;1.801767374
02.06.2013 1:35:32;1.95192673
02.06.2013 1:36:36;1.056264364
02.06.2013 1:37:32;1.15491269
02.06.2013 1:38:48;1.46428781
02.06.2013 1:40:24;0.85159094
02.06.2013 1:41:16;2.643335744
02.06.2013 1:42:00;1.099373847
02.06.2013 1:42:32;0.811696758
02.06.2013 1:43:56;0.779187758
02.06.2013 1:43:56;0.531358155
02.06.2013 1:44:08;1.030959759
02.06.2013 1:45:16;1.173573919
02.06.2013 1:45:16;1.427762392
02.06.2013 1:45:44;1.828916306
02.06.2013 1:46:12;1.124770184
02.06.2013 1:47:16;0.753113903
02.06.2013 1:48:16;1.219515434
02.06.2013 1:48:28;1.30106766
02.06.2013 1:49:08;1.998375071
02.06.2013 1:49:36;2.476025274
02.06.2013 1:50:08;0.971674283
02.06.2013 1:51:40;1.788553569
02.06.2013 1:52:08;0.617196069
02.06.2013 1:52:28;2.252534756
02.06.2013 1:53:40;1.135796122
02.06.2013 1:54:32;1.180533687
02.06.2013 1:54:44;1.48060673
02.06.2013 1:55:16;2.579532229
02.06.2013 1:56:08;1.382083687
02.06.2013 1:56:20;2.184622039
02.06.2013 1:57:40;1.179455299
02.06.2013 1:58:24;0.642572364
02.06.2013 1:59:12;1.758301397
02.06.2013 2:00:40;0.695773951
02.06.2013 2:01:20;1.707340275
02.06.2013 2:02:44;1.30564778
02.06.2013 2:04:00;1.077713668
02.06.2013 2:04:16;2.35997576
02.06.2013 2:05:20;1.912652217
02.06.2013 2:06:56;0.515701251
02.06.2013 2:07:36;0.674846744
02.06.2013 2:08:40;2.089507445
02.06.2013 2:09:08;1.806840008
02.06.2013 2:09:44;0.795142033
02.06.2013 2:11:08;1.151976185
02.06.2013 2:11:56;1.401206148
02.06.2013 2:12:28;0.640278655
02.06.2013 2:12:32;0.926562716
02.06.2013 2:12:56;2.136730452
02.06.2013 2:13:40;0.585328462
02.06.2013 2:15:00;0.606774719
02.06.2013 2:15:20;0.727826689
02.06.2013 2:16:32;0.800114622
02.06.2013 2:16:52;0.857619522
02.06.2013 2:17:16;0.63836899
02.06.2013 2:18:32;1.911771086
02.06.2013 2:18:32;1.187772289
02.06.2013 2:19:24;0.75978885
02.06.2013 2:19:36;1.10795419
02.06.2013 2:21:08;0.559258363
02.06.2013 2:22:12;1.039575523
02.06.2013 2:23:24;0.635252658
02.06.2013 2:24:40;1.314455783
02.06.2013 2:26:04;1.264630674
02.06.2013 2:27:40;0.751015299
02.06.2013 2:28:20;1.185890122
02.06.2013 2:29:20;2.038579764
02.06.2013 2:29:20;1.667601157
02.06.2013 2:29:28;1.504372746
02.06.2013 2:30:56;0.755554328
02.06.2013 2:31:20;1.369899104
02.06.2013 2:32:44;2.326870676
02.06.2013 2:34:16;0.626086814
02.06.2013 2:35:44;2.00997999
02.06.2013 2:36:44;1.487373806
02.06.2013 2:37:56;1.39985454
02.06.2013 2:38:20;1.838798203
02.06.2013 2:39:56;1.539816471
02.06.2013 2:40:48;1.114680341
02.06.2013 2:41:44;1.547739308
02.06.2013 2:42:12;1.176171028
02.06.2013 2:42:52;0.822305224
02.06.2013 2:43:36;0.977134875
02.06.2013 2:44:16;1.15327208
02.06.2013 2:44:20;2.201327379
02.06.2013 2:45:32;1.005867012
02.06.2013 2:45:32;1.914533271
02.06.2013 2:46:28;1.896704587
02.06.2013 2:46:40;1.193331604
02.06.2013 2:46:40;2.420530576
02.06.2013 2:46:52;1.277004136
02.06.2013 2:47:36;1.187477535
02.06.2013 2:47:40;2.487531334
02.06.2013 2:48:28;1.433228185
02.06.2013 2:48:52;1.170829296
02.06.2013 2:49:48;0.787375478
02.06.2013 2:50:20;1.063708786
02.06.2013 2:51:44;1.984384998
02.06.2013 2:52:08;0.856789328
02.06.2013 2:52:12;1.1305927
02.06.2013 2:53:36;1.715578744
02.06.2013 2:55:04;0.61344091
02.06.2013 2:55:12;0.765723694
02.06.2013 2:55:36;0.977297204
02.06.2013 2:56:20;1.398498334
02.06.2013 2:57:08;3.127468299
02.06.2013 2:58:32;1.003909248
02.06.2013 2:59:28;1.096083396
02.06.2013 2:59:52;1.315541893
02.06.2013 3:01:16;1.527445339
02.06.2013 3:01:44;1.173533345
02.06.2013 3:02:44;1.817827189
02.06.2013 3:02:44;0.659466539
02.06.2013 3:03:08;0.658488769
02.06.2013 3:03:12;0.711454369
02.06.2013 3:03:32;2.268476465
02.06.2013 3:03:48;1.570169142
02.06.2013 3:05:24;0.602711855
02.06.2013 3:06:40;1.5849291
02.06.2013 3:07:52;1.286179718
02.06.2013 3:09:04;1.072678859
02.06.2013 3:09:36;0.767672492
02.06.2013 3:11:12;2.554354126
02.06.2013 3:12:24;2.470462288
02.06.2013 3:13:20;1.964392601
02.06.2013 3:14:20;1.819812962
02.06.2013 3:15:12;0.992580661
02.06.2013 3:16:16;0.773132372
02.06.2013 3:16:48;0.52183628
02.06.2013 3:16:48;0.774345323
02.06.2013 3:18:16;1.265300677
02.06.2013 3:19:24;1.099746435
02.06.2013 3:19:48;1.043053949
02.06.2013 3:20:12;1.08335978
02.06.2013 3:20:32;1.234921681
02.06.2013 3:20:32;1.05479027
02.06.2013 3:21:20;2.478085595
02.06.2013 3:22:12;0.516304587
02.06.2013 3:22:52;0.629547895
02.06.2013 3:23:20;1.059417794
02.06.2013 3:23:48;2.304152699
02.06.2013 3:25:08;1.003808094
02.06.2013 3:26:16;1.323053466
02.06.2013 3:26:16;0.54254102
02.06.2013 3:26:16;0.91903171
02.06.2013 3:27:16;0.549185383
02.06.2013 3:28:12;0.626175115
02.06.2013 3:28:16;1.766097405
02.06.2013 3:28:44;0.679980586
02.06.2013 3:30:00;1.07350989
02.06.2013 3:31:04;0.823204963
02.06.2013 3:32:16;1.537373773
02.06.2013 3:32:16;0.624343757
02.06.2013 3:32:32;3.345782415
02.06.2013 3:32:32;2.065628039
02.06.2013 3:32:48;1.167568834
02.06.2013 3:32:52;1.230020034
02.06.2013 3:33:32;2.030398349
02.06.2013 3:33:52;1.553432575
02.06.2013 3:34:00;1.728707538
02.06.2013 3:34:32;1.671039112
02.06.2013 3:34:48;1.096838737
02.06.2013 3:36:12;2.248372774
02.06.2013 3:37:20;0.746738447
02.06.2013 3:37:36;1.685120667
02.06.2013 3:38:36;1.234331752
02.06.2013 3:38:36;1.622133879
02.06.2013 3:39:24;0.798197069
02.06.2013 3:40:32;0.684162791
02.06.2013 3:40:32;0.768554476
02.06.2013 3:41:44;1.543096045
02.06.2013 3:42:44;1.416115367
02.06.2013 3:44:04;1.142204744
02.06.2013 3:45:08;1.735204381
02.06.2013 3:46:20;0.975474464
02.06.2013 3:46:56;1.825555017
02.06.2013 3:48:20;0.918067195
02.06.2013 3:49:28;1.625707764
02.06.2013 3:50:24;1.496413318
02.06.2013 3:51:52;1.761763088
02.06.2013 3:52:52;0.546736485
02.06.2013 3:54:24;0.972683603
02.06.2013 3:55:56;0.768252538
02.06.2013 3:57:12;0.555086294
02.06.2013 3:57:28;0.864214952
02.06.2013 3:59:00;0.842762436
02.06.2013 3:59:08;0.946710537
02.06.2013 4:00:44;1.074654937
02.06.2013 4:01:40;1.18730011
02.06.2013 4:02:40;1.627403812
02.06.2013 4:04:00;0.85099118
02.06.2013 4:05:12;2.961366151
02.06.2013 4:05:48;0.735468187
02.06.2013 4:05:48;0.718533487
02.06.2013 4:06:24;0.555820861
02.06.2013 4:06:44;0.678558082
02.06.2013 4:07:08;0.726031099
02.06.2013 4:08:44;1.426923467
02.06.2013 4:09:52;0.978284012
02.06.2013 4:10:40;1.218823028
02.06.2013 4:12:00;1.921369748
02.06.2013 4:12:44;0.942464856
02.06.2013 4:13:28;0.770129478
02.06.2013 4:14:52;1.050210358
02.06.2013 4:15:00;3.016138007
02.06.2013 4:16:04;1.080862912
02.06.2013 4:16:52;1.473381909
02.06.2013 4:17:56;2.173370278
02.06.2013 4:19:16;1.318963933
02.06.2013 4:19:40;0.670260313
02.06.2013 4:20:48;2.004414101
02.06.2013 4:22:12;0.901169391
02.06.2013 4:22:16;1.231915559
02.06.2013 4:22:52;0.954966994
02.06.2013 4:23:24;0.928835765
02.06.2013 4:23:48;1.057999599
02.06.2013 4:25:08;0.95839812
02.06.2013 4:26:32;1.061593026
02.06.2013 4:27:44;0.97307757
02.06.2013 4:28:44;1.049372884
02.06.2013 4:29:16;2.069321706
02.06.2013 4:29:32;0.538648729
02.06.2013 4:31:04;1.252143604
02.06.2013 4:32:36;1.526667705
02.06.2013 4:33:12;2.155296625
02.06.2013 4:34:04;1.050968957
02.06.2013 4:35:24;1.18592602
02.06.2013 4:36:44;1.394344684
02.06.2013 4:37:48;1.481313665
02.06.2013 4:38:52;0.718851517
02.06.2013 4:39:16;0.591710726
02.06.2013 4:40:52;0.812535937
02.06.2013 4:40:52;1.790853581
02.06.2013 4:41:40;1.379938543
02.06.2013 4:42:16;0.733740623
02.06.2013 4:42:16;0.978862156
02.06.2013 4:42:36;0.815062643
02.06.2013 4:44:00;2.454258114
02.06.2013 4:44:04;0.896404863
02.06.2013 4:45:16;0.713867281
02.06.2013 4:45:52;0.872316328
02.06.2013 4:47:12;0.827001813
02.06.2013 4:48:20;1.117525213
02.06.2013 4:49:52;0.720011972
02.06.2013 4:49:56;2.416008656
02.06.2013 4:51:04;0.642447837
02.06.2013 4:51:32;2.111801995
02.06.2013 4:51:48;1.023873496
02.06.2013 4:51:48;0.587299065
02.06.2013 4:52:28;0.710336436
02.06.2013 4:53:48;1.099815627
02.06.2013 4:53:56;1.366388674
02.06.2013 4:55:20;0.758034869
02.06.2013 4:55:48;0.566399247
02.06.2013 4:57:16;1.084016438
02.06.2013 4:57:36;0.992867695
02.06.2013 4:58:44;1.434159566
02.06.2013 4:59:56;0.924258068
02.06.2013 5:00:48;0.824290659
02.06.2013 5:01:08;0.728517357
02.06.2013 5:01:24;1.760798667
02.06.2013 5:02:04;2.133073114
02.06.2013 5:03:12;2.552519444
02.06.2013 5:04:08;0.609602445
02.06.2013 5:04:24;0.608679752
02.06.2013 5:04:36;0.609197702
02.06.2013 5:05:00;1.343343412
02.06.2013 5:05:12;0.771101142
02.06.2013 5:06:16;0.654704313
02.06.2013 5:07:32;3.177957191
02.06.2013 5:08:12;1.934784774
02.06.2013 5:08:20;1.463958283
02.06.2013 5:09:00;2.211309053
02.06.2013 5:09:28;1.310463485
02.06.2013 5:10:04;1.771919637
02.06.2013 5:10:36;1.657799093
02.06.2013 5:12:12;0.797385199
02.06.2013 5:13:40;1.045546024
02.06.2013 5:13:40;1.781923479
02.06.2013 5:15:00;0.776823502
02.06.2013 5:16:20;2.603478495
02.06.2013 5:16:56;1.189423348
02.06.2013 5:17:40;1.134389269
02.06.2013 5:18:56;0.640056568
02.06.2013 5:19:16;1.711986302
02.06.2013 5:20:12;2.750018929
02.06.2013 5:20:24;1.483065022
02.06.2013 5:21:44;1.554327168
02.06.2013 5:23:00;1.445716752
02.06.2013 5:23:28;0.995158236
02.06.2013 5:25:00;0.737673959
02.06.2013 5:26:16;1.002304877
02.06.2013 5:27:04;1.470046715
02.06.2013 5:27:24;0.856493133
02.06.2013 5:29:00;0.559037831
02.06.2013 5:29:20;1.083487492
02.06.2013 5:29:20;1.124276338
02.06.2013 5:29:48;1.090966206
02.06.2013 5:31:16;1.506786297
02.06.2013 5:31:32;0.583413306
02.06.2013 5:31:36;2.218827152
02.06.2013 5:33:00;1.125525707
02.06.2013 5:33:48;0.73388317
02.06.2013 5:34:36;0.531768806
02.06.2013 5:35:56;2.018620108
02.06.2013 5:36:20;1.171955887
02.06.2013 5:37:20;0.918650686
02.06.2013 5:38:20;2.561639659
02.06.2013 5:39:56;1.12008704
02.06.2013 5:41:04;0.968215297
02.06.2013 5:41:24;1.727293796
02.06.2013 5:42:56;1.020841917
02.06.2013 5:44:32;1.055305797
02.06.2013 5:45:04;1.723601694
02.06.2013 5:46:12;1.339574515
02.06.2013 5:46:52;1.224236146
02.06.2013 5:47:20;0.698582898
02.06.2013 5:48:24;2.070470252
02.06.2013 5:49:44;1.607622399
02.06.2013 5:51:12;0.989389999
02.06.2013 5:52:00;0.750101523
02.06.2013 5:53:36;1.681066276
02.06.2013 5:54:36;3.250303508
02.06.2013 5:54:48;0.855710957
02.06.2013 5:56:04;1.879223095
02.06.2013 5:57:32;1.182824882
02.06.2013 5:58:12;1.367083808
02.06.2013 5:59:44;0.536781367
02.06.2013 5:59:52;1.044524098
02.06.2013 6:00:20;1.333865134
02.06.2013 6:01:56;0.976075794
02.06.2013 6:02:20;0.694034338
02.06.2013 6:03:52;2.072601796
02.06.2013 6:05:04;1.972995342
02.06.2013 6:05:04;0.861757409
02.06.2013 6:05:28;0.625072959
02.06.2013 6:05:28;1.048192188
02.06.2013 6:06:20;1.724712007
02.06.2013 6:06:32;1.086991936
02.06.2013 6:07:32;0.521265179
02.06.2013 6:08:56;1.696550136
02.06.2013 6:09:20;2.451295221
02.06.2013 6:09:52;0.580393941
02.06.2013 6:11:20;1.177497216
02.06.2013 6:11:48;0.963965288
02.06.2013 6:12:56;1.916583766
02.06.2013 6:13:20;0.894691265
02.06.2013 6:14:28;1.817190524
02.06.2013 6:14:52;0.878599241
02.06.2013 6:15:24;1.873403289
02.06.2013 6:16:52;1.219403034
02.06.2013 6:18:16;1.270513979
02.06.2013 6:19:48;1.13020087
02.06.2013 6:20:08;0.904506166
02.06.2013 6:21:20;0.761444485
02.06.2013 6:22:20;1.757507423
02.06.2013 6:23:00;2.530540456
02.06.2013 6:24:24;1.262683216
02.06.2013 6:25:40;0.694107535
02.06.2013 6:26:20;0.880579001
02.06.2013 6:26:32;1.400205848
02.06.2013 6:26:32;1.820391182
02.06.2013 6:27:16;0.560669008
02.06.2013 6:28:48;0.808470966
02.06.2013 6:28:56;2.194797498
02.06.2013 6:30:12;1.294082087
02.06.2013 6:30:44;0.549991841
02.06.2013 6:31:20;1.497170305
02.06.2013 6:32:40;0.728517624
02.06.2013 6:33:44;0.883963572
02.06.2013 6:34:04;0.685427283
02.06.2013 6:35:04;0.725852326
02.06.2013 6:35:48;0.866097598
02.06.2013 6:36:08;1.503585556
02.06.2013 6:37:16;0.848487087
02.06.2013 6:38:20;0.566455236
02.06.2013 6:39:32;0.807934175
02.06.2013 6:41:04;0.842976778
02.06.2013 6:41:44;1.138760489
02.06.2013 6:43:20;1.705332537
02.06.2013 6:44:48;1.167658983
02.06.2013 6:45:48;1.280161388
02.06.2013 6:45:52;1.063778899
02.06.2013 6:47:08;0.547974571
02.06.2013 6:48:00;0.717557563
02.06.2013 6:49:00;0.521410589
02.06.2013 6:50:04;2.352658123
02.06.2013 6:51:32;2.517173483
02.06.2013 6:51:32;2.164269331
02.06.2013 6:53:08;2.96117211
02.06.2013 6:54:44;2.573484925
02.06.2013 6:55:16;1.043725417
02.06.2013 6:56:28;4.88081153
02.06.2013 6:56:44;0.598102953
02.06.2013 6:57:20;1.255239423
02.06.2013 6:58:20;1.149603591
02.06.2013 6:59:56;1.158244054
02.06.2013 7:01:12;0.967014575
02.06.2013 7:01:36;0.773510657
02.06.2013 7:01:36;1.33295508
02.06.2013 7:03:04;1.049189888
02.06.2013 7:04:00;2.262418076
02.06.2013 7:04:32;0.912759596
02.06.2013 7:05:00;0.776626652
02.06.2013 7:05:40;0.596376393
02.06.2013 7:06:52;0.726173556
02.06.2013 7:08:28;1.87240831
02.06.2013 7:09:24;1.512542015
02.06.2013 7:10:32;1.004068752
02.06.2013 7:11:28;0.572406288
02.06.2013 7:11:28;2.846590147
02.06.2013 7:11:48;0.917956544
02.06.2013 7:11:52;1.8266518
02.06.2013 7:12:40;1.53211197
02.06.2013 7:13:04;1.384400513
02.06.2013 7:13:24;1.775149162
02.06.2013 7:14:28;0.956495897
02.06.2013 7:14:28;0.699428538
02.06.2013 7:14:56;1.448392395
02.06.2013 7:16:20;0.646767584
02.06.2013 7:16:52;0.539867993
02.06.2013 7:18:00;1.509621291
02.06.2013 7:19:00;2.297495595
02.06.2013 7:19:32;1.136761471
02.06.2013 7:20:56;0.921176267
02.06.2013 7:21:12;0.842777042
02.06.2013 7:21:52;1.715054533
02.06.2013 7:23:04;2.110639688
02.06.2013 7:24:24;1.813023103
02.06.2013 7:24:28;0.815099704
02.06.2013 7:25:36;0.588911436
02.06.2013 7:26:04;1.408022096
02.06.2013 7:26:32;0.720242907
02.06.2013 7:27:24;0.857584068
02.06.2013 7:28:52;0.997581819
02.06.2013 7:29:40;1.947694334
02.06.2013 7:30:24;1.279518992
02.06.2013 7:30:36;1.564167571
02.06.2013 7:32:00;0.598070673
02.06.2013 7:32:40;1.062147624
02.06.2013 7:33:20;0.770077005
02.06.2013 7:34:04;2.80593437
02.06.2013 7:35:24;1.338934577
02.06.2013 7:36:04;0.840098149
02.06.2013 7:37:24;1.152115044
02.06.2013 7:37:44;2.482948925
02.06.2013 7:39:16;1.009684947
02.06.2013 7:39:24;0.634606366
02.06.2013 7:39:32;0.83342407
02.06.2013 7:40:52;1.745226764
02.06.2013 7:40:56;1.076978201
02.06.2013 7:41:52;1.647366548
02.06.2013 7:43:20;1.024655432
02.06.2013 7:43:56;0.512492207
02.06.2013 7:45:20;1.41704155
02.06.2013 7:46:36;1.319191793
02.06.2013 7:47:24;0.889459843
02.06.2013 7:48:28;0.861165229
02.06.2013 7:49:20;0.572864441
02.06.2013 7:49:44;0.552918924
02.06.2013 7:49:48;2.225942454
02.06.2013 7:50:04;1.761299321
02.06.2013 7:50:24;1.933684091
02.06.2013 7:50:28;1.044047471
02.06.2013 7:51:24;1.619772816
02.06.2013 7:51:36;0.597870151
02.06.2013 7:53:08;2.252224809
02.06.2013 7:53:36;1.84443149
02.06.2013 7:54:44;0.752462248
02.06.2013 7:54:44;1.241780676
02.06.2013 7:54:44;1.263027803
02.06.2013 7:55:52;1.045625869
02.06.2013 7:57:20;0.675336111
02.06.2013 7:57:56;0.917050994
02.06.2013 7:58:40;0.724802586
02.06.2013 7:59:00;1.716727094
02.06.2013 7:59:32;1.91232325
02.06.2013 8:01:08;0.678615509
02.06.2013 8:02:28;0.595800752
02.06.2013 8:03:32;1.636944776
02.06.2013 8:04:12;1.25103669
02.06.2013 8:04:32;1.134411478
02.06.2013 8:04:36;0.542753929
02.06.2013 8:06:12;3.255343746
02.06.2013 8:07:08;1.37121097
02.06.2013 8:07:24;1.924196252
02.06.2013 8:07:24;1.767310667
02.06.2013 8:09:00;1.933319307
02.06.2013 8:10:00;0.589866715
02.06.2013 8:11:12;0.83498386
02.06.2013 8:11:56;2.359706877
02.06.2013 8:13:04;1.253456326
02.06.2013 8:14:04;2.044341965
02.06.2013 8:14:36;2.944195386
02.06.2013 8:15:08;0.627933552
02.06.2013 8:15:44;0.577979325
02.06.2013 8:17:08;2.117033913
02.06.2013 8:17:28;1.676743947
02.06.2013 8:17:28;0.777755802
02.06.2013 8:17:44;2.232475342
02.06.2013 8:18:24;0.826057199
02.06.2013 8:19:12;1.270785916
02.06.2013 8:19:24;1.580011478
02.06.2013 8:19:44;2.139046973
02.06.2013 8:20:04;0.597695982
02.06.2013 8:20:36;0.823872554
02.06.2013 8:21:20;1.294304505
02.06.2013 8:21:36;0.97414862
02.06.2013 8:21:44;1.021694728
02.06.2013 8:23:16;0.750372571
02.06.2013 8:23:16;1.398691919
02.06.2013 8:23:16;1.599919094
02.06.2013 8:23:40;0.983278998
02.06.2013 8:24:04;0.534338037
02.06.2013 8:25:20;3.003582439
02.06.2013 8:25:48;1.594036089
02.06.2013 8:26:04;1.648991787
02.06.2013 8:26:16;1.039474734
02.06.2013 8:26:32;0.544546655
02.06.2013 8:27:32;0.927368126
02.06.2013 8:28:56;2.14961111
02.06.2013 8:30:00;0.99261525
02.06.2013 8:30:44;1.700288672
02.06.2013 8:31:24;1.251401311
02.06.2013 8:32:28;0.516357376
02.06.2013 8:33:16;2.446364764
02.06.2013 8:33:32;1.070613274
02.06.2013 8:34:20;1.692964328
02.06.2013 8:35:48;0.860568532
02.06.2013 8:36:36;1.833563668
02.06.2013 8:37:08;2.263183892
02.06.2013 8:37:16;0.687390138
02.06.2013 8:38:44;2.019880181
02.06.2013 8:40:16;1.248579063
02.06.2013 8:40:24;0.986878609
02.06.2013 8:41:48;1.104844458
02.06.2013 8:41:48;1.211669225
02.06.2013 8:43:12;1.063955184
02.06.2013 8:44:32;1.120788847
02.06.2013 8:46:04;2.179254365
02.06.2013 8:47:24;1.340696795
02.06.2013 8:47:24;1.135276964
02.06.2013 8:48:44;0.958719537
02.06.2013 8:49:40;1.300187014
02.06.2013 8:50:52;1.852974804
02.06.2013 8:52:04;0.518633755
02.06.2013 8:52:20;1.105499095
02.06.2013 8:52:40;1.027959225
02.06.2013 8:53:40;1.088752669
02.06.2013 8:53:52;1.706875623
02.06.2013 8:55:24;2.296526446
02.06.2013 8:56:44;1.201438466
02.06.2013 8:58:20;1.557720315
02.06.2013 8:58:36;2.310062139
02.06.2013 8:59:52;1.158711579
02.06.2013 9:00:08;1.596884708
02.06.2013 9:01:44;1.582715909
02.06.2013 9:02:32;0.649232081
02.06.2013 9:03:40;1.688282264
02.06.2013 9:04:16;0.642612147
02.06.2013 9:05:40;2.201965323
02.06.2013 9:07:12;1.052520467
02.06.2013 9:07:20;1.03088503
02.06.2013 9:07:52;1.34338048
02.06.2013 9:09:16;1.319284081
02.06.2013 9:10:24;1.431070986
02.06.2013 9:11:52;0.559277353
02.06.2013 9:12:40;1.445343922
02.06.2013 9:12:56;0.632788175
02.06.2013 9:13:04;1.274983891
02.06.2013 9:14:32;0.976980562
02.06.2013 9:15:52;0.701167001
02.06.2013 9:16:48;0.537067789
02.06.2013 9:17:36;1.327864859
02.06.2013 9:17:52;2.703906684
02.06.2013 9:19:28;1.581129312
02.06.2013 9:20:04;2.052829001
02.06.2013 9:20:40;0.51876346
02.06.2013 9:21:52;1.155267978
02.06.2013 9:22:16;0.83465884
02.06.2013 9:23:52;0.613282383
02.06.2013 9:25:08;0.596358903
02.06.2013 9:26:40;1.535367041
02.06.2013 9:27:48;1.156337544
02.06.2013 9:29:24;0.736228322
02.06.2013 9:29:28;0.756078695
02.06.2013 9:29:40;0.750110245
02.06.2013 9:30:08;0.551128502
02.06.2013 9:30:52;1.070309197
02.06.2013 9:31:24;0.512234757
02.06.2013 9:32:16;0.904921167
02.06.2013 9:32:56;1.806786363
02.06.2013 9:33:40;1.355471787
02.06.2013 9:33:40;0.655073422
02.06.2013 9:35:04;1.351706485
02.06.2013 9:35:16;1.4672033
02.06.2013 9:35:56;2.585019191
02.06.2013 9:36:48;0.529139864
02.06.2013 9:37:52;0.80998096
02.06.2013 9:38:56;1.011146974
02.06.2013 9:39:40;0.839703733
02.06.2013 9:40:44;0.6376944
02.06.2013 9:41:00;0.585274732
02.06.2013 9:42:16;2.305964495
02.06.2013 9:43:40;0.679953723
02.06.2013 9:43:48;1.421878867
02.06.2013 9:44:04;1.019950864
02.06.2013 9:44:32;1.307530534
02.06.2013 9:44:36;1.086203453
02.06.2013 9:45:08;0.912932782
02.06.2013 9:46:36;2.365730419
02.06.2013 9:46:48;1.176266959
02.06.2013 9:48:08;2.39272791
02.06.2013 9:49:24;2.062280556
02.06.2013 9:50:16;0.937227885
02.06.2013 9:51:52;2.597139865
02.06.2013 9:51:52;0.767873096
02.06.2013 9:52:48;1.177854273
02.06.2013 9:53:28;2.842798381
02.06.2013 9:54:36;1.42133946
02.06.2013 9:55:08;0.708052364
02.06.2013 9:56:04;1.676305916
02.06.2013 9:57:04;1.198674041
02.06.2013 9:57:08;0.950028993
02.06.2013 9:57:40;1.117049655
02.06.2013 9:57:56;1.79448766
02.06.2013 9:58:20;2.502927293
02.06.2013 9:58:36;1.876580736
02.06.2013 9:58:36;0.620295386
02.06.2013 9:59:12;0.772087072
02.06.2013 9:59:56;2.058909929
02.06.2013 10:01:12;1.785900473
02.06.2013 10:02:20;2.283312886
02.06.2013 10:03:48;1.427005797
02.06.2013 10:04:04;1.176481387
02.06.2013 10:05:20;2.059240526
02.06.2013 10:06:08;1.46568988
02.06.2013 10:07:36;1.016653434
02.06.2013 10:08:36;1.409140062
02.06.2013 10:09:24;1.708594823
02.06.2013 10:10:24;1.157289824
02.06.2013 10:11:36;1.318830446
02.06.2013 10:12:04;1.00217225
02.06.2013 10:13:12;0.820511414
02.06.2013 10:14:44;1.262975388
02.06.2013 10:15:20;1.728163991
02.06.2013 10:16:56;0.873253376
02.06.2013 10:17:40;0.832126702
02.06.2013 10:18:12;0.863359613
02.06.2013 10:19:04;1.17384559
02.06.2013 10:20:12;0.955757789
02.06.2013 10:20:44;0.858670309
02.06.2013 10:22:12;0.823184359
02.06.2013 10:22:20;1.67004307
02.06.2013 10:22:32;2.133182267
02.06.2013 10:24:00;1.385893169
02.06.2013 10:24:44;1.594523323
02.06.2013 10:25:28;0.63264173
02.06.2013 10:26:24;0.719592634
02.06.2013 10:27:40;1.13188623
02.06.2013 10:28:04;1.087200059
02.06.2013 10:28:32;0.918471198
02.06.2013 10:29:36;2.955429655
02.06.2013 10:30:24;0.895359848
02.06.2013 10:30:44;1.339174139
02.06.2013 10:31:44;1.51380748
02.06.2013 10:32:52;2.170018726
02.06.2013 10:33:40;1.724507516
02.06.2013 10:35:00;1.042002986
02.06.2013 10:36:32;1.357632339
02.06.2013 10:38:08;1.113269882
02.06.2013 10:38:24;2.305884649
02.06.2013 10:38:36;1.029605952
02.06.2013 10:40:00;0.851672435
02.06.2013 10:40:28;0.806847389
02.06.2013 10:41:24;0.514155387
02.06.2013 10:41:28;2.093614236
02.06.2013 10:41:40;1.99967042
02.06.2013 10:42:12;2.58815237
02.06.2013 10:43:00;1.826654841
02.06.2013 10:44:08;1.400830822
02.06.2013 10:45:16;0.632724671
02.06.2013 10:45:56;0.911482795
02.06.2013 10:47:28;2.113455245
02.06.2013 10:48:32;2.250714649
02.06.2013 10:50:00;0.696441295
02.06.2013 10:50:56;2.948294109
02.06.2013 10:51:12;0.628925468
02.06.2013 10:51:56;0.512052219
02.06.2013 10:53:20;2.470027384
02.06.2013 10:54:28;1.567501764
02.06.2013 10:55:24;0.920848467
02.06.2013 10:56:52;1.017773213
02.06.2013 10:58:20;1.541758351
02.06.2013 10:58:20;0.545335062
02.06.2013 10:59:36;0.774006234
02.06.2013 11:00:04;1.835300272
02.06.2013 11:00:36;1.983242093
02.06.2013 11:00:52;0.772601222
02.06.2013 11:02:24;1.058974592
02.06.2013 11:02:48;0.884126714
02.06.2013 11:03:44;1.680893642
02.06.2013 11:05:20;1.404213456
02.06.2013 11:05:20;0.94385633
02.06.2013 11:06:24;0.922830819
02.06.2013 11:08:00;0.711468458
02.06.2013 11:09:16;0.990194268
02.06.2013 11:09:24;2.122431218
02.06.2013 11:10:44;0.983145115
02.06.2013 11:11:36;1.124346441
02.06.2013 11:11:48;1.323765137
02.06.2013 11:12:00;1.235002504
02.06.2013 11:12:00;0.788120418
02.06.2013 11:12:40;0.769423683
02.06.2013 11:13:56;1.223170842
02.06.2013 11:15:00;1.517912945
02.06.2013 11:16:20;1.287531228
02.06.2013 11:17:40;0.582921845
02.06.2013 11:18:20;1.200270017
02.06.2013 11:18:52;3.088164009
02.06.2013 11:20:24;0.728319333
02.06.2013 11:20:24;0.917520796
02.06.2013 11:21:28;1.496304462
02.06.2013 11:21:28;1.279634836
02.06.2013 11:22:20;1.590936605
02.06.2013 11:23:44;0.79732306
02.06.2013 11:24:48;1.880323097
02.06.2013 11:26:08;1.614445437
02.06.2013 11:27:24;3.080038108
02.06.2013 11:27:56;1.583410536
02.06.2013 11:29:32;1.457969461
02.06.2013 11:30:20;1.78732172
02.06.2013 11:31:56;0.860852015
02.06.2013 11:32:32;0.899366423
02.06.2013 11:33:04;0.904029792
02.06.2013 11:34:32;2.037174734
02.06.2013 11:34:48;1.113782297
02.06.2013 11:36:00;1.33184699
02.06.2013 11:36:12;1.110338755
02.06.2013 11:37:04;0.594305261
02.06.2013 11:37:48;1.453056904
02.06.2013 11:38:40;0.625813682
02.06.2013 11:39:16;1.24965684
02.06.2013 11:39:36;1.537745142
02.06.2013 11:40:24;0.687474078
02.06.2013 11:41:16;0.98614314
02.06.2013 11:41:40;0.561210156
02.06.2013 11:41:40;0.862639635
02.06.2013 11:42:28;0.745780385
02.06.2013 11:43:48;1.968757162
02.06.2013 11:45:16;1.124229847
02.06.2013 11:45:56;0.810024491
02.06.2013 11:46:12;2.053257257
02.06.2013 11:47:32;0.588220901
02.06.2013 11:47:48;1.142717327
02.06.2013 11:48:20;1.874275879
02.06.2013 11:49:08;0.604397518
02.06.2013 11:49:16;1.530468394
02.06.2013 11:49:32;0.69599817
02.06.2013 11:50:48;0.910939461
02.06.2013 11:51:36;0.699176873
02.06.2013 11:53:12;1.128194866
02.06.2013 11:53:48;1.139753052
02.06.2013 11:54:08;2.353180367
02.06.2013 11:55:04;1.756812259
02.06.2013 11:55:08;2.590882916
02.06.2013 11:55:48;1.345677744
02.06.2013 11:55:52;1.008812882
02.06.2013 11:57:28;1.300922738
02.06.2013 11:57:36;1.2612045
02.06.2013 11:58:16;1.18235411
02.06.2013 11:59:16;0.951389874
02.06.2013 11:59:24;0.99496066
02.06.2013 12:00:24;1.684286895
02.06.2013 12:01:56;1.170788067
02.06.2013 12:03:16;1.27898814
02.06.2013 12:03:40;1.57590197
02.06.2013 12:03:48;1.039535876
02.06.2013 12:04:24;1.265869299
02.06.2013 12:06:00;0.754466299
02.06.2013 12:06:04;0.550347028
02.06.2013 12:07:08;0.98020848
02.06.2013 12:07:36;0.544290006
02.06.2013 12:08:36;1.800001214
02.06.2013 12:10:04;1.290561423
02.06.2013 12:11:08;0.55616148
02.06.2013 12:12:20;1.625090742
02.06.2013 12:12:36;0.72358397
02.06.2013 12:13:32;1.536980926
02.06.2013 12:14:16;0.894111144
02.06.2013 12:14:40;0.708048735
02.06.2013 12:15:48;2.882632892
02.06.2013 12:16:12;1.434409838
02.06.2013 12:16:28;0.700200396
02.06.2013 12:18:04;1.59321137
02.06.2013 12:19:12;0.703274963
02.06.2013 12:20:04;0.750670453
02.06.2013 12:21:24;1.173303532
02.06.2013 12:22:00;0.989299159
02.06.2013 12:22:56;0.942158694
02.06.2013 12:23:08;0.669922257
02.06.2013 12:24:44;0.601998183
02.06.2013 12:25:48;3.328412168
02.06.2013 12:26:08;0.671384425
02.06.2013 12:26:08;0.622558713
02.06.2013 12:27:08;1.410987674
02.06.2013 12:28:36;1.669614887
02.06.2013 12:29:00;0.684609674
02.06.2013 12:30:16;1.948210649
02.06.2013 12:31:44;1.607979047
02.06.2013 12:32:36;1.40724062
02.06.2013 12:34:00;0.648203627
02.06.2013 12:34:28;1.321808767
02.06.2013 12:35:36;0.943104707
02.06.2013 12:36:08;0.990341347
02.06.2013 12:37:32;0.969312244
02.06.2013 12:38:00;1.663698264
02.06.2013 12:39:28;0.710529637
02.06.2013 12:40:48;1.542306448
02.06.2013 12:41:24;1.891188675
02.06.2013 12:42:56;1.341807597
02.06.2013 12:43:12;1.352427746
02.06.2013 12:43:28;0.76989473
02.06.2013 12:44:28;1.361690203
02.06.2013 12:44:52;1.375703553
02.06.2013 12:46:08;1.573032879
02.06.2013 12:46:52;2.826594476
02.06.2013 12:46:52;1.434405729
02.06.2013 12:47:00;1.079092692
02.06.2013 12:48:32;0.918356888
02.06.2013 12:49:36;0.742649775
02.06.2013 12:50:44;0.608945734
02.06.2013 12:51:00;1.03819153
02.06.2013 12:51:48;0.637135992
02.06.2013 12:52:04;0.632992941
02.06.2013 12:52:20;1.82351266
02.06.2013 12:53:20;0.82142481
02.06.2013 12:53:56;0.60720618
02.06.2013 12:54:16;1.751538681