"timestamp","delta_time","bandwidth_in","bandwidth_out"
"01/04/2015 00:59:20",3602,0.47049510,0.08908548
"01/04/2015 01:59:22",3602,0.58493638,0.09166846
"01/04/2015 02:59:15",3593,0.72136974,0.09140967
"01/04/2015 03:59:20",3605,0.63153112,0.08661939
"01/04/2015 04:59:20",3600,0.34860873,0.07566546
"01/04/2015 05:59:16",3596,0.38160229,0.08029419
"01/04/2015 06:59:21",3605,0.34781304,0.07798281
"01/04/2015 07:59:15",3594,2.69725800,0.22070904
"01/04/2015 08:59:55",3640,20.78257561,1.07580090
"01/04/2015 09:59:45",3590,21.30025864,2.16757822
"01/04/2015 10:59:10",3565,32.10420609,2.01509881
"01/04/2015 11:59:02",3592,29.32692719,2.30532718
"01/04/2015 12:59:29",3627,17.34571266,1.71311736
"01/04/2015 13:59:06",3577,14.96214771,3.95144796
"01/04/2015 14:59:24",3618,30.53654861,4.65043640
"01/04/2015 15:59:11",3587,21.91090584,2.10176301
"01/04/2015 16:59:40",3629,24.62003708,1.73022306
"01/04/2015 17:59:29",3589,22.63557625,1.87226570
"01/04/2015 18:58:34",3545,12.74214649,1.08431697
"01/04/2015 19:59:22",3648,19.40240097,0.89260465
"01/04/2015 20:59:30",3608,7.14995956,0.33619839
"01/04/2015 21:59:10",3580,4.98355722,0.26126990
"01/04/2015 22:59:12",3602,3.94298458,0.18167698
"01/04/2015 23:58:18",3546,3.00244856,0.15797986
"02/04/2015 00:59:12",3654,0.26584750,0.10668924
"02/04/2015 01:59:15",3603,0.60423863,0.10701603
"02/04/2015 02:58:16",3541,1.13252783,0.12429310
"02/04/2015 03:59:08",3652,0.67354608,0.11752461
"02/04/2015 04:59:11",3603,0.18589357,0.09560128
"02/04/2015 05:58:17",3546,0.31314766,0.09976473
"02/04/2015 06:59:13",3656,1.88724029,0.13032697
"02/04/2015 07:59:15",3602,2.09927106,0.18222012
"02/04/2015 08:58:16",3541,8.27829170,0.50248587
"02/04/2015 09:59:57",3701,19.95576096,1.26841211
"02/04/2015 10:59:59",3602,27.79424858,1.61768579
"02/04/2015 11:59:47",3588,22.04317856,1.61103857
"02/04/2015 12:59:31",3584,26.89909744,2.23313594
"02/04/2015 13:59:12",3581,18.68411446,1.31708419
"02/04/2015 14:59:05",3593,24.41066551,2.06172109
"02/04/2015 15:59:06",3601,31.15815926,8.82449722
"02/04/2015 16:59:06",3600,26.31912994,16.29066658
"02/04/2015 17:59:10",3604,24.70744133,1.86841929
"02/04/2015 18:59:49",3639,20.61991119,1.23555124
"02/04/2015 19:59:19",3570,8.42101955,0.55176848
"02/04/2015 20:59:21",3602,4.97763777,0.27497727
"02/04/2015 21:59:30",3609,3.67144442,0.23337071
"02/04/2015 22:58:39",3549,5.44292021,0.25013644
"02/04/2015 23:59:33",3654,4.63268948,0.23539613
"03/04/2015 00:59:38",3605,2.22138643,0.19819541
"03/04/2015 01:58:49",3551,0.81062621,0.14002320
"03/04/2015 02:59:41",3652,1.02023482,0.11785948
"03/04/2015 03:59:52",3611,0.90247726,0.10980875
"03/04/2015 04:58:53",3541,0.80958599,0.10603490
"03/04/2015 05:59:48",3655,1.99898040,0.13633586
"03/04/2015 06:59:02",3554,2.29524684,0.13198550
"03/04/2015 07:59:07",3605,3.13278413,0.19671169
"03/04/2015 08:59:01",3594,7.13943195,1.52914774
"03/04/2015 09:59:26",3625,23.29038620,5.06677580
"03/04/2015 10:59:37",3611,18.64167786,3.35323119
"03/04/2015 11:58:18",3521,28.34561539,3.05755639
"03/04/2015 12:59:01",3643,32.05025864,2.12661672
"03/04/2015 13:59:06",3605,21.45958328,1.41889298
"03/04/2015 14:59:33",3627,31.91563225,2.08354592
"03/04/2015 15:59:37",3604,36.06260300,2.52342224
"03/04/2015 16:59:42",3605,33.52395248,1.96428943
"03/04/2015 17:59:42",3600,20.37725258,1.77004540
"03/04/2015 18:59:42",3600,25.78083038,1.46619737
"03/04/2015 19:59:48",3606,14.21657848,43.80178070
"03/04/2015 20:59:39",3591,10.86788940,24.11857605
"03/04/2015 21:59:56",3617,6.89943266,0.24154283
"03/04/2015 22:59:03",3547,1.83243239,0.13608864
"03/04/2015 23:59:57",3654,4.52196932,0.33460671
"04/04/2015 00:59:06",3549,2.82657433,0.16754764
"04/04/2015 01:59:09",3603,0.52700275,0.09556588
"04/04/2015 02:59:04",3595,0.60869962,0.12201872
"04/04/2015 03:59:12",3608,0.37453729,0.11465075
"04/04/2015 04:59:16",3604,0.29837486,0.08809672
"04/04/2015 05:59:17",3601,0.32575130,0.09158225
"04/04/2015 06:59:19",3602,0.31008494,0.08346232
"04/04/2015 07:58:25",3546,0.66042417,0.08327768
"04/04/2015 08:59:15",3650,0.71173126,0.08824355
"04/04/2015 09:59:27",3612,0.85601169,0.09800165
"04/04/2015 10:58:33",3546,1.07316625,0.10541713
"04/04/2015 11:59:29",3656,2.06429529,0.14601468
"04/04/2015 12:59:37",3608,1.92946017,0.13360560
"04/04/2015 13:58:43",3546,0.75821197,0.11711025
"04/04/2015 14:59:37",3654,2.31137681,0.13221328
"04/04/2015 15:59:47",3610,2.99069381,0.17240644
"04/04/2015 16:58:52",3545,2.24095201,0.16986716
"04/04/2015 17:59:42",3650,2.45576477,0.17668854
"04/04/2015 18:59:45",3603,4.07251120,1.94006217
"04/04/2015 19:58:49",3544,2.34682512,0.22318403
"04/04/2015 20:59:42",3653,2.15248013,0.18668152
"04/04/2015 21:59:50",3608,5.22467184,0.26913375
"04/04/2015 22:58:58",3548,6.31348467,0.38204780
"04/04/2015 23:59:50",3652,5.08419180,0.19704261
"05/04/2015 00:59:23",3573,0.46689647,0.08451279
"05/04/2015 01:58:28",3545,0.51014578,0.09469025
"05/04/2015 02:59:25",3657,1.65071321,0.10785839
"05/04/2015 03:59:31",3606,0.95958346,0.09316299
"05/04/2015 04:58:35",3544,0.48567116,0.08559704
"05/04/2015 05:59:28",3653,0.48466811,0.08855112
"05/04/2015 06:59:42",3614,0.36581954,0.08959918
"05/04/2015 07:58:45",3543,0.78168106,0.09176483
"05/04/2015 08:59:38",3653,6.09011316,0.19338043
"05/04/2015 09:59:44",3606,2.68514156,0.13321313
"05/04/2015 10:58:54",3550,1.79226100,0.29871827
"05/04/2015 11:59:49",3655,1.91309071,0.12496008
"05/04/2015 12:59:49",3600,2.76271820,0.17160220
"05/04/2015 13:58:54",3545,0.52340287,0.10577793
"05/04/2015 14:59:44",3650,1.26533687,0.12390175
"05/04/2015 15:59:55",3611,1.89172506,0.13455108
"05/04/2015 16:58:58",3543,1.41986632,0.11403669
"05/04/2015 17:59:50",3652,1.52815938,0.12926038
"05/04/2015 18:59:57",3607,1.39936590,0.12758580
"05/04/2015 19:59:09",3552,0.40309757,0.09791384
"05/04/2015 20:59:04",3595,6.40284586,0.15851350
"05/04/2015 21:59:13",3609,3.89749742,0.15400715
"05/04/2015 22:59:15",3602,2.22238684,0.15907821
"05/04/2015 23:59:18",3603,3.36499548,0.17052200
"06/04/2015 00:59:52",3634,1.39693236,0.12909022
"06/04/2015 01:59:04",3552,0.47652018,0.10695038
"06/04/2015 02:59:59",3655,0.38699034,0.08648566
"06/04/2015 03:59:08",3549,0.30944610,0.08336789
"06/04/2015 04:59:19",3611,0.32040679,0.08258510
"06/04/2015 05:59:14",3595,0.28930008,0.08183043
"06/04/2015 06:59:13",3599,1.20243824,0.09790026
"06/04/2015 07:59:20",3607,1.17912209,0.11977649
"06/04/2015 08:59:18",3598,3.80838156,0.37811813
"06/04/2015 09:59:08",3590,15.13457012,1.29764020
"06/04/2015 10:59:09",3601,17.38145447,1.87957823
"06/04/2015 11:59:59",3650,23.37582207,4.65696096
"06/04/2015 12:59:04",3545,25.24524117,1.96392393
"06/04/2015 13:59:11",3607,28.35562515,5.73452950
"06/04/2015 14:59:44",3633,27.72492027,5.82803202
"06/04/2015 15:59:50",3606,30.38183594,9.71106625
"06/04/2015 16:58:55",3545,42.15202332,5.94821501
"06/04/2015 17:59:46",3651,29.14111137,3.82991600
"06/04/2015 18:59:54",3608,16.78295708,2.74029779
"06/04/2015 19:58:57",3543,22.22397995,1.56420040
"06/04/2015 20:59:50",3653,11.54591274,0.68013221
"06/04/2015 21:59:58",3608,6.38266611,0.32823402
"06/04/2015 22:59:42",3584,4.02937460,0.28607398
"06/04/2015 23:59:49",3607,4.36858225,0.23133345
"07/04/2015 00:59:45",3596,0.69071537,0.12637123
"07/04/2015 01:59:50",3605,0.23762757,0.10366154
"07/04/2015 02:59:56",3606,0.33338434,0.09803199
"07/04/2015 03:59:50",3594,0.26349735,0.08898155
"07/04/2015 04:59:57",3607,0.27057964,0.08671730
"07/04/2015 05:59:06",3549,0.29865655,0.09326541
"07/04/2015 06:59:54",3648,0.84929341,0.10533972
"07/04/2015 07:59:01",3547,7.30290270,0.32788035
"07/04/2015 08:59:04",3603,10.10666180,0.50142974
"07/04/2015 09:59:16",3612,16.56608391,1.33573377
"07/04/2015 10:59:04",3588,34.26205063,4.51298380
"07/04/2015 11:58:46",3582,22.80751228,2.10609174
"07/04/2015 12:59:19",3633,17.20453835,1.43506575
"07/04/2015 13:59:23",3604,22.67438698,1.63015568
"07/04/2015 14:58:28",3545,30.94091988,2.21033549
"07/04/2015 15:59:23",3655,23.83472824,3.47913694
"07/04/2015 16:59:33",3610,25.39353371,2.09913301
"07/04/2015 17:58:45",3552,21.78475952,1.68528485
"07/04/2015 18:59:39",3654,11.82691097,0.91435748
"07/04/2015 19:59:45",3606,5.05411386,0.38297826
"07/04/2015 20:58:52",3547,5.36733961,0.28320774
"07/04/2015 21:59:51",3659,3.66299129,0.26031458
"07/04/2015 22:58:57",3546,5.12955475,0.24746205
"07/04/2015 23:59:51",3654,3.70576167,0.19431029
"08/04/2015 00:59:00",3549,0.53635031,0.11705147
"08/04/2015 01:59:10",3610,0.32715803,0.12260918
"08/04/2015 02:59:09",3599,0.35795861,0.10296182
"08/04/2015 03:59:16",3607,0.47491601,0.10422479
"08/04/2015 04:59:21",3605,1.15126967,0.12048354
"08/04/2015 05:59:12",3591,1.60205245,0.13163134
"08/04/2015 06:59:18",3606,3.50322843,0.16518943
"08/04/2015 07:59:22",3604,3.55715799,0.18698798
"08/04/2015 08:59:10",3588,11.23916340,0.57963538
"08/04/2015 09:59:08",3598,41.25687790,2.25025916
"08/04/2015 10:59:37",3629,26.67853165,1.69600809
"08/04/2015 11:59:13",3576,35.77744293,1.90604210
"08/04/2015 12:59:58",3645,16.50796700,4.45053053
"08/04/2015 13:59:49",3591,25.52074051,1.72016490
"08/04/2015 14:58:53",3544,28.39684296,1.68964851
"08/04/2015 15:59:45",3652,18.24885178,2.15899563
"08/04/2015 16:59:48",3603,21.54598808,2.80408311
"08/04/2015 17:58:54",3546,21.15009689,1.62945032
"08/04/2015 18:59:49",3655,35.90208054,2.10975933
"08/04/2015 19:59:59",3610,18.00949860,1.37157905
"08/04/2015 20:59:05",3546,1.47952354,0.49720904
"08/04/2015 21:59:07",3602,1.11732018,0.26186475
"08/04/2015 22:59:12",3605,1.82676029,0.20749108
"08/04/2015 23:59:05",3593,2.95311689,0.19265564
"09/04/2015 00:59:22",3617,0.38605973,0.13971995
"09/04/2015 01:58:27",3545,0.33521771,0.13410357
"09/04/2015 02:59:21",3654,0.34816951,0.13498507
"09/04/2015 03:59:25",3604,0.34208974,0.15387958
"09/04/2015 04:58:31",3546,0.24670979,0.12619556
"09/04/2015 05:59:24",3653,0.22669402,0.12064487
"09/04/2015 06:59:29",3605,0.69903690,0.12914047
"09/04/2015 07:58:39",3550,2.19918847,0.17943075
"09/04/2015 08:59:28",3649,6.35696793,0.44302186
"09/04/2015 09:58:34",3546,17.80416489,1.25108194
"09/04/2015 10:58:38",3604,26.01472282,1.64886510
"09/04/2015 11:59:32",3654,24.81124687,2.65373492
"09/04/2015 12:59:37",3605,20.66216850,1.55773890
"09/04/2015 13:58:39",3542,20.77397728,2.26138759
"09/04/2015 14:59:31",3652,15.69004631,2.11677861
"09/04/2015 15:59:32",3601,25.53396606,3.39927268
"09/04/2015 16:59:02",3570,24.15932655,2.19717240
"09/04/2015 17:59:05",3603,25.49287224,2.80208015
"09/04/2015 18:59:12",3607,18.47665405,6.35138226
"09/04/2015 19:59:34",3622,13.42667198,2.18014193
"09/04/2015 20:59:42",3608,5.21199560,0.34347537
"09/04/2015 21:59:17",3575,1.62890792,0.23336129
"09/04/2015 22:59:20",3603,6.47855425,0.29746985
"09/04/2015 23:58:22",3542,11.00477505,0.36640927
"10/04/2015 00:59:11",3649,3.34252596,0.18514252
"10/04/2015 01:59:14",3603,0.91441268,0.13905610
"10/04/2015 02:58:15",3541,1.08433926,0.15571611
"10/04/2015 03:59:04",3649,0.89056814,0.10509421
"10/04/2015 04:59:08",3604,0.48049694,0.08547150
"10/04/2015 05:58:12",3544,0.85763943,0.09334992
"10/04/2015 06:59:07",3655,1.95170009,0.12262589
"10/04/2015 07:59:16",3609,3.92439818,0.17819843
"10/04/2015 08:59:35",3619,7.06735706,1.41193902
"10/04/2015 09:59:30",3595,25.29368401,7.50795317
"10/04/2015 10:59:34",3604,33.92451859,3.32115149
"10/04/2015 11:59:34",3600,25.05126572,2.11396599
"10/04/2015 12:59:52",3618,22.86850548,2.15204620
"10/04/2015 13:59:35",3583,16.90044212,2.49563241
"10/04/2015 14:59:10",3575,32.39011002,3.24605513
"10/04/2015 15:58:24",3554,18.59574890,2.03519797
"10/04/2015 16:59:34",3670,24.59333420,2.00774527
"10/04/2015 17:59:40",3606,16.39957619,1.30072653
"10/04/2015 18:59:33",3593,10.07489681,0.86219150
"10/04/2015 19:59:39",3606,4.54496527,0.51911575
"10/04/2015 20:59:39",3600,2.87157989,0.21668465
"10/04/2015 21:59:11",3572,1.84237707,0.19318138
"10/04/2015 22:59:20",3609,3.16252875,0.17535284
"10/04/2015 23:59:13",3593,7.25783205,0.21952815
"11/04/2015 00:59:18",3605,5.18975639,0.17198314
"11/04/2015 01:59:23",3605,0.26290074,0.07259297
"11/04/2015 02:59:19",3596,0.38831899,0.07451027
"11/04/2015 03:59:22",3603,0.52089602,0.08541224
"11/04/2015 04:59:29",3607,0.34138000,0.07346416
"11/04/2015 05:59:54",3625,0.29188430,0.31074557
"11/04/2015 06:59:57",3603,0.56644177,0.60809988
"11/04/2015 07:59:09",3552,0.59929073,0.62626636
"11/04/2015 08:59:02",3593,7.39597940,0.77157217
"11/04/2015 09:59:09",3607,1.59309411,0.73450667
"11/04/2015 10:59:15",3606,2.72657919,0.93771136
"11/04/2015 11:59:07",3592,5.83703852,0.83988583
"11/04/2015 12:59:16",3609,3.95641947,0.81294984
"11/04/2015 13:59:18",3602,3.89677477,0.81566489
"11/04/2015 14:59:10",3592,5.09128046,0.81999993
"11/04/2015 15:59:19",3609,5.91298056,0.86117917
"11/04/2015 16:59:21",3602,4.38417864,0.84850734
"11/04/2015 17:59:18",3597,2.92309690,0.85090017
"11/04/2015 18:59:21",3603,2.65782833,0.79775906
"11/04/2015 19:59:30",3609,3.96888280,0.90983260
"11/04/2015 20:59:26",3596,3.66507649,0.75272512
"11/04/2015 21:59:31",3605,3.42897582,0.72094911
"11/04/2015 22:59:41",3610,4.33199310,0.75667018
"11/04/2015 23:59:56",3615,4.43051815,0.76996183
"12/04/2015 00:59:31",3575,0.76948923,0.71059328
"12/04/2015 01:58:34",3543,0.46230248,0.69102794
"12/04/2015 02:59:35",3661,0.64614487,0.71683162
"12/04/2015 03:59:45",3610,0.54618204,0.73430115
"12/04/2015 04:58:50",3545,0.52123469,0.67123020
"12/04/2015 05:59:44",3654,0.59749627,0.62160558
"12/04/2015 06:59:53",3609,0.45648977,0.65081757
"12/04/2015 07:59:02",3549,1.36694658,0.69589859
"12/04/2015 08:59:57",3655,2.07401419,0.64483982
"12/04/2015 09:59:06",3549,1.87290168,0.10598530
"12/04/2015 10:59:09",3603,1.74422979,0.12244090
"12/04/2015 11:59:07",3598,2.93750358,0.13756008
"12/04/2015 12:59:16",3609,0.42112410,0.10382871
"12/04/2015 13:59:29",3613,1.23155558,0.09872998
"12/04/2015 14:59:24",3595,1.23003471,0.11610779
"12/04/2015 15:59:31",3607,1.19838512,0.09904510
"12/04/2015 16:59:36",3605,0.41167900,0.09748270
"12/04/2015 17:59:37",3601,1.46100020,0.11497577
"12/04/2015 18:59:42",3605,2.02718258,0.13559522
"12/04/2015 19:59:53",3611,8.61685181,0.25019574
"12/04/2015 20:59:57",3604,7.36287737,0.23126261
"12/04/2015 21:59:03",3546,0.70937145,0.09364965
"12/04/2015 22:59:10",3607,0.61244297,0.08468752
"12/04/2015 23:58:19",3549,1.15488803,0.18253537
"13/04/2015 00:59:31",3672,0.72566044,0.13431871
"13/04/2015 01:59:43",3612,0.84076089,0.09125996
"13/04/2015 02:59:43",3600,0.20009084,0.06387345
"13/04/2015 03:59:52",3609,0.15572795,0.06393655
"13/04/2015 04:59:58",3606,0.14748909,0.06751949
"13/04/2015 05:59:55",3597,0.13018282,0.06183688
"13/04/2015 06:59:04",3549,1.29228556,0.08069980
"13/04/2015 07:59:09",3605,1.78419077,0.12380402
"13/04/2015 08:58:13",3544,12.00860405,0.58704096
"13/04/2015 09:59:15",3662,10.82093525,1.39515662
"13/04/2015 10:59:29",3614,25.95309448,2.09344363
"13/04/2015 11:59:30",3601,21.75337982,3.22218609
"13/04/2015 12:59:17",3587,20.62343025,2.16590834
"13/04/2015 13:59:32",3615,24.61653137,1.69864917
"13/04/2015 14:59:25",3593,28.24706268,2.40795088
"13/04/2015 15:59:33",3608,33.38723755,2.38802481
"13/04/2015 16:59:33",3600,16.44886971,1.51444256
"13/04/2015 17:59:36",3603,29.16953087,2.39861441
"13/04/2015 18:59:38",3602,15.87849712,1.41031122
"13/04/2015 19:59:34",3596,10.67533875,1.15271652
"13/04/2015 20:59:42",3608,6.10627270,1.15019047
"13/04/2015 21:59:36",3594,3.59866762,0.42982727
"13/04/2015 22:59:26",3590,2.83563519,0.18801124
"13/04/2015 23:59:19",3593,0.45937365,0.12651570
"14/04/2015 00:59:26",3607,0.52076179,0.12767044
"14/04/2015 01:59:30",3604,3.34245539,0.17231527
"14/04/2015 02:59:25",3595,0.20556146,0.09188069
"14/04/2015 03:59:32",3607,0.22773919,0.09722407
"14/04/2015 04:59:38",3606,0.44029400,0.09964988
"14/04/2015 05:59:31",3593,0.28820065,0.09528872
"14/04/2015 06:59:35",3604,1.66019285,0.14635287
"14/04/2015 07:59:41",3606,3.24201083,0.28847098
"14/04/2015 08:59:34",3593,9.65939999,0.66295236
"14/04/2015 09:59:36",3602,15.98692989,1.29622364
"14/04/2015 10:59:31",3595,31.28659248,2.30253768
"14/04/2015 11:59:30",3599,29.11384201,2.07888317
"14/04/2015 12:59:36",3606,26.78508949,2.13009715
"14/04/2015 13:58:37",3541,32.87394714,2.27173567
"14/04/2015 14:59:26",3649,26.74221992,1.91296780
"14/04/2015 15:59:39",3613,28.10348511,1.78950644
"14/04/2015 16:59:20",3581,20.74900818,1.54843664
"14/04/2015 17:58:27",3547,23.24438858,1.37165761
"14/04/2015 18:59:20",3653,31.62267876,1.53276742
"14/04/2015 19:59:29",3609,20.39056396,0.98535073
"14/04/2015 20:58:33",3544,5.67987919,0.69254297
"14/04/2015 21:59:25",3652,5.43435860,0.28281242
"14/04/2015 22:59:36",3611,5.89922428,0.32640502
"14/04/2015 23:58:42",3546,10.05853081,0.30931500
"15/04/2015 00:59:38",3656,6.13590145,0.26655090
"15/04/2015 01:59:46",3608,2.02417231,0.13586605
"15/04/2015 02:58:52",3546,1.35951948,0.11740351
"15/04/2015 03:59:46",3654,0.90530992,0.09720062
"15/04/2015 04:59:54",3608,1.26477754,0.09741680
"15/04/2015 05:58:59",3545,1.12357533,0.08505345
"15/04/2015 06:59:52",3653,1.72514486,0.10180909
"15/04/2015 07:58:59",3547,6.87778139,0.22609296
"15/04/2015 08:59:04",3605,8.99663353,0.43457821
"15/04/2015 09:59:53",3649,26.45972061,1.42527997
"15/04/2015 10:59:55",3602,26.29908371,1.81244469
"15/04/2015 11:58:51",3536,26.96342659,2.59276795
"15/04/2015 12:59:31",3640,40.06005478,4.27668333
"15/04/2015 13:59:15",3584,37.31778717,2.12901258
"15/04/2015 14:59:50",3635,19.55489159,2.06029129
"15/04/2015 15:59:21",3571,25.81365585,1.82702017
"15/04/2015 16:59:42",3621,32.99981308,2.92691040
"15/04/2015 17:59:29",3587,22.71330070,1.78110576
"15/04/2015 18:59:45",3616,11.81308746,1.13967693
"15/04/2015 19:59:26",3581,7.51808167,0.46003535
"15/04/2015 20:59:29",3603,3.96496868,0.23963645
"15/04/2015 21:59:39",3610,4.71285725,0.24358776
"15/04/2015 22:59:36",3597,3.38608813,0.25995138
"15/04/2015 23:59:46",3610,5.06725502,0.20639302
"16/04/2015 00:59:54",3608,0.37029088,0.10661080
"16/04/2015 01:59:52",3598,0.54826784,0.10057186
"16/04/2015 02:59:02",3550,0.33609328,0.07900308
"16/04/2015 03:59:11",3609,0.18898574,0.07681906
"16/04/2015 04:58:17",3546,0.13139497,0.06766088
"16/04/2015 05:59:12",3655,2.16254067,0.10914061
"16/04/2015 06:59:16",3604,2.12426233,0.10147204
"16/04/2015 07:59:24",3608,0.67686868,0.08874217
"16/04/2015 08:59:15",3591,7.77711582,0.47884649
"16/04/2015 09:59:43",3628,18.95684433,1.29471529
"16/04/2015 10:59:06",3563,29.37628937,1.94007397
"16/04/2015 11:59:57",3651,31.66040039,2.28365612
"16/04/2015 12:59:06",3549,44.94539261,2.16669512
"16/04/2015 13:59:58",3652,44.32407761,2.24181747
"16/04/2015 14:59:37",3579,49.62252808,2.43497634
"16/04/2015 15:59:03",3566,41.83229065,2.35781193
"16/04/2015 16:59:34",3631,29.22143555,1.76899374
"16/04/2015 17:59:19",3585,30.56068611,1.68862832
"16/04/2015 18:59:06",3587,34.54248810,1.68424284
"16/04/2015 19:59:40",3634,6.59782362,0.63898557
"16/04/2015 20:59:19",3579,2.98000717,1.32342434
"16/04/2015 21:59:35",3616,1.91377652,0.40621027
"16/04/2015 22:59:45",3610,1.90111029,0.16086942
"16/04/2015 23:58:50",3545,0.72503060,0.12335026
"17/04/2015 00:59:44",3654,1.39881778,0.14116418
"17/04/2015 01:59:46",3602,0.56582922,0.11936142
"17/04/2015 02:58:47",3541,0.61198825,0.11114875
"17/04/2015 03:59:40",3653,0.61540395,0.10424091
"17/04/2015 04:59:51",3611,0.69483292,0.10655725
"17/04/2015 05:58:29",3518,0.48574120,0.10021298
"17/04/2015 06:59:45",3676,0.60466707,0.10434800
"17/04/2015 07:58:39",3534,1.75718880,0.15228769
"17/04/2015 08:59:03",3624,9.12537575,1.64828336
"17/04/2015 09:59:23",3620,21.53316498,6.15960550
"17/04/2015 10:59:46",3623,27.53969383,2.83664346
"17/04/2015 11:58:40",3534,23.17937660,2.10304213
"17/04/2015 12:59:06",3626,27.40947723,2.13600636
"17/04/2015 13:59:46",3640,44.08967972,2.39101529
"17/04/2015 14:59:47",3601,29.55846024,2.09745240
"17/04/2015 15:59:29",3582,26.69430733,2.18090177
"17/04/2015 16:59:59",3630,24.55133629,2.22844505
"17/04/2015 17:59:15",3556,14.74795341,1.49169624
"17/04/2015 18:59:33",3618,7.32033253,2.00678301
"17/04/2015 19:59:15",3582,3.48242259,0.67697889
"17/04/2015 20:59:33",3618,3.94179583,2.32914591
"17/04/2015 21:59:57",3624,1.22913241,0.36946312
"17/04/2015 22:59:05",3548,1.11376309,0.66990775
"17/04/2015 23:59:11",3606,1.29234433,0.38516727
"18/04/2015 00:59:41",3630,0.48433760,0.44698411
"18/04/2015 01:59:40",3599,0.39781693,0.33269385
"18/04/2015 02:58:43",3543,0.41693375,0.44178483
"18/04/2015 03:59:34",3651,0.45686334,0.16426370
"18/04/2015 04:59:33",3599,0.50151378,0.10360983
"18/04/2015 05:59:17",3584,0.33879620,0.19889744
"18/04/2015 06:59:23",3606,0.37538126,0.07735854
"18/04/2015 07:58:25",3542,0.43371236,0.08711644
"18/04/2015 08:59:22",3657,1.09864867,0.21310793
"18/04/2015 09:59:29",3607,4.12772131,0.67855287
"18/04/2015 10:58:37",3548,9.26954842,0.75653338
"18/04/2015 11:59:32",3655,17.81344414,6.12709045
"18/04/2015 12:59:44",3612,15.98017597,2.02334690
"18/04/2015 13:58:56",3552,7.13078070,0.84117621
"18/04/2015 14:59:49",3653,4.74544382,0.92861128
"18/04/2015 15:59:55",3606,6.43962479,0.95202297
"18/04/2015 16:58:59",3544,5.12769556,0.60074997
"18/04/2015 17:59:56",3657,5.31279182,0.69562668
"18/04/2015 18:59:04",3548,5.03658581,0.85199392
"18/04/2015 19:59:10",3606,5.01830912,0.81925339
"18/04/2015 20:59:09",3599,5.33464384,0.50992924
"18/04/2015 21:59:22",3613,7.83304977,0.69300568
"18/04/2015 22:59:33",3611,7.37429047,0.59918547
"18/04/2015 23:59:29",3596,4.79579639,0.41807619
"19/04/2015 00:59:40",3611,6.16583967,0.96663219
"19/04/2015 01:59:48",3608,5.12076950,0.55898881
"19/04/2015 02:59:38",3590,4.72871542,0.51049566
"19/04/2015 03:59:45",3607,3.96545434,0.51119888
"19/04/2015 04:59:51",3606,0.43584144,0.13986169
"19/04/2015 05:59:46",3595,0.33564922,0.08834314
"19/04/2015 06:59:51",3605,0.36175942,0.09031524
"19/04/2015 07:59:57",3606,0.33882788,0.23585445
"19/04/2015 08:59:53",3596,0.34236562,0.17756025
"19/04/2015 09:59:59",3606,0.38010722,0.14829218
"19/04/2015 10:59:10",3551,1.86825168,0.13700247
"19/04/2015 11:58:18",3548,0.37759379,0.09864280
"19/04/2015 12:59:12",3654,0.52242017,0.54109639
"19/04/2015 13:59:20",3608,2.78604507,0.37495628
"19/04/2015 14:58:25",3545,4.12001371,0.42528814
"19/04/2015 15:59:21",3656,0.55170578,0.11214680
"19/04/2015 16:59:28",3607,0.52161449,0.15922327
"19/04/2015 17:58:39",3551,0.65095413,0.16582772
"19/04/2015 18:59:34",3655,0.46416554,0.32020950
"19/04/2015 19:59:47",3613,0.48258007,0.31294465
"19/04/2015 20:58:58",3551,0.36532483,0.10808305
"19/04/2015 21:59:03",3605,0.50351775,0.09155718
"19/04/2015 22:59:08",3605,1.49855685,0.11832427
"19/04/2015 23:59:13",3605,1.58178484,0.17257397
"20/04/2015 00:59:10",3597,0.61363596,0.28697771
"20/04/2015 01:59:16",3606,1.18617296,0.24837288
"20/04/2015 02:59:23",3607,0.62982959,0.30987617
"20/04/2015 03:59:19",3596,0.35318634,0.12659825
"20/04/2015 04:59:24",3605,0.37443832,0.08883889
"20/04/2015 05:59:29",3605,0.35717100,0.08956058
"20/04/2015 06:59:18",3589,0.37314874,0.08880507
"20/04/2015 07:59:23",3605,0.43511525,0.23749234
"20/04/2015 08:59:28",3605,6.49318743,0.61477607
"20/04/2015 09:59:29",3601,12.99231243,0.99048471
"20/04/2015 10:59:35",3606,14.71820545,1.68770528
"20/04/2015 11:59:39",3604,32.21532440,3.78703833
"20/04/2015 12:59:29",3590,26.78698158,2.84708953
"20/04/2015 13:59:34",3605,31.40772820,1.74462330
"20/04/2015 14:59:11",3577,27.99884987,2.13619518
"20/04/2015 15:59:44",3633,26.01491356,2.23941946
"20/04/2015 16:58:28",3524,46.32112122,2.61474490
"20/04/2015 17:59:35",3667,27.30758286,2.86841083
"20/04/2015 18:59:46",3611,20.79213524,1.48291755
"20/04/2015 19:59:51",3605,12.25875854,1.11461198
"20/04/2015 20:58:20",3509,5.82157278,0.69814855
"20/04/2015 21:58:30",3610,6.65460110,0.58410263
"20/04/2015 22:59:08",3638,5.59764862,0.48902896
"20/04/2015 23:59:16",3608,4.84424162,0.48969564
"21/04/2015 00:59:10",3594,4.79354620,0.48512867
"21/04/2015 01:59:15",3605,5.12524176,0.48862040
"21/04/2015 02:59:20",3605,4.48439789,0.46974701
"21/04/2015 03:59:18",3598,4.54060936,0.47480357
"21/04/2015 04:59:26",3608,4.62609196,0.47231063
"21/04/2015 05:59:35",3609,4.52316952,0.46790984
"21/04/2015 06:59:29",3594,4.45748997,0.41270193
"21/04/2015 07:59:35",3606,4.71166468,0.53363067
"21/04/2015 08:59:41",3606,11.30964851,0.86874729
"21/04/2015 09:59:31",3590,21.60349464,1.76051331
"21/04/2015 10:59:26",3595,35.44097519,2.37315965
"21/04/2015 11:59:51",3625,30.55440712,2.08711600
"21/04/2015 12:59:44",3593,25.83532143,2.87039661
"21/04/2015 13:59:49",3605,44.08580780,2.46798038
"21/04/2015 14:59:29",3580,46.20465088,2.68093491
"21/04/2015 15:59:50",3621,46.83324432,2.67533851
"21/04/2015 16:59:24",3574,40.19929886,2.70750856
"21/04/2015 17:59:39",3615,23.69775200,5.37349415
"21/04/2015 18:59:54",3615,14.94223404,1.27365553
"21/04/2015 19:58:53",3539,5.08357143,0.58698779
"21/04/2015 20:59:49",3656,11.37571239,0.51508766
"21/04/2015 21:59:35",3586,1.27161014,0.17096645
"21/04/2015 22:59:26",3591,0.81032705,0.17171732
"21/04/2015 23:59:33",3607,0.91807222,0.13549207
"22/04/2015 00:59:06",3573,0.46757296,0.12166549
"22/04/2015 01:59:03",3597,0.35108745,0.10891227
"22/04/2015 02:59:13",3610,0.25929037,0.10019828
"22/04/2015 03:59:19",3606,0.36356768,0.10296042
"22/04/2015 04:59:18",3599,0.36268005,0.10794017
"22/04/2015 05:59:24",3606,0.59598476,0.12624839
"22/04/2015 06:59:35",3611,0.28902620,0.11099122
"22/04/2015 07:59:40",3605,0.46872130,0.25674322
"22/04/2015 08:59:33",3593,8.53281116,0.54373002
"22/04/2015 09:58:24",3531,13.91666222,1.15054214
"22/04/2015 10:59:19",3655,24.12081528,1.73908877
"22/04/2015 11:59:20",3601,40.89674759,3.26310945
"22/04/2015 12:59:07",3587,68.98666382,3.87440729
"22/04/2015 13:59:16",3609,31.36039543,2.35661316
"22/04/2015 14:59:29",3613,34.64516830,2.49910426
"22/04/2015 15:59:16",3587,30.03462601,2.24467182
"22/04/2015 16:59:51",3635,31.49667358,2.37715626
"22/04/2015 17:59:19",3568,25.65124321,2.11351538
"22/04/2015 18:58:47",3568,16.07216072,1.42955565
"22/04/2015 19:59:32",3645,8.20584774,0.67159957
"22/04/2015 20:59:38",3606,5.77652836,0.58972353
"22/04/2015 21:59:39",3601,4.69857788,0.53162605
"22/04/2015 22:59:39",3600,4.53377295,0.46257806
"22/04/2015 23:59:43",3604,4.65000439,0.45423892
"23/04/2015 00:59:35",3592,4.76721668,0.46766695
"23/04/2015 01:59:43",3608,4.48211527,0.46129552
"23/04/2015 02:59:50",3607,4.45376301,0.45589888
"23/04/2015 03:59:49",3599,4.46931267,0.45670739
"23/04/2015 04:59:57",3608,3.32293940,0.33190686
"23/04/2015 05:59:04",3547,0.41441408,0.09825517
"23/04/2015 06:59:56",3652,0.41020441,0.11486177
"23/04/2015 07:59:54",3598,2.68807888,0.23937267
"23/04/2015 08:59:39",3585,11.89987469,1.09164512
"23/04/2015 09:59:41",3602,19.65295029,1.87917244
"23/04/2015 10:59:48",3607,32.19787216,2.06972575
"23/04/2015 11:59:26",3578,32.41706848,3.28747845
"23/04/2015 12:58:41",3555,35.03935242,17.60890579
"23/04/2015 13:59:30",3649,29.02710152,1.93567598
"23/04/2015 14:59:05",3575,23.61513710,2.21510530
"23/04/2015 15:59:39",3634,26.79681969,2.07965660
"23/04/2015 16:59:17",3578,27.41407585,2.38895249
"23/04/2015 17:59:43",3626,32.66515732,2.70052218
"23/04/2015 18:59:08",3565,10.23500061,1.16207933
"23/04/2015 19:59:07",3599,5.72824907,0.63161826
"23/04/2015 20:59:14",3607,2.06723952,0.31615454
"23/04/2015 21:59:22",3608,0.63027090,0.14319290
"23/04/2015 22:59:20",3598,0.67574221,4.28703833
"23/04/2015 23:59:28",3608,0.28049952,0.13277934
"24/04/2015 00:59:39",3611,0.57240218,0.11515906
"24/04/2015 01:59:35",3596,0.72688192,0.12735885
"24/04/2015 02:59:44",3609,0.39676738,0.10207421
"24/04/2015 03:59:51",3607,1.24495566,0.12193506
"24/04/2015 04:59:45",3594,0.32369366,0.10389924
"24/04/2015 05:59:53",3608,0.22088346,0.09713226
"24/04/2015 06:59:05",3552,0.24781340,0.09732338
"24/04/2015 07:59:59",3654,1.46208704,0.14292113
"24/04/2015 08:59:05",3546,7.83060122,0.50391775
"24/04/2015 09:59:07",3602,17.21035576,1.94691455
"24/04/2015 10:59:53",3646,44.71186447,2.52029133
"24/04/2015 11:59:34",3581,41.55380249,2.36357856
"24/04/2015 12:58:12",3518,31.44800568,2.12250113
"24/04/2015 13:59:13",3661,37.86526108,2.13552761
"24/04/2015 14:59:51",3638,65.51694489,3.27019787
"24/04/2015 15:59:30",3579,46.96355438,2.59858298
"24/04/2015 16:59:01",3571,46.82115936,2.75370502
"24/04/2015 17:59:35",3634,14.44294262,1.11057508
"24/04/2015 18:59:11",3576,11.16835213,0.87470901
"24/04/2015 19:59:10",3599,6.96945381,0.50489599
"24/04/2015 20:59:44",3634,4.85945606,0.35416141
"24/04/2015 21:59:07",3563,5.74375916,0.35060403
"24/04/2015 22:59:18",3611,6.60534525,0.40534747
"24/04/2015 23:59:07",3589,6.06786394,0.50890660
"25/04/2015 00:59:11",3604,7.50296926,0.54805368
"25/04/2015 01:58:16",3545,7.38582325,0.53174341
"25/04/2015 02:59:10",3654,6.54231405,0.51967973
"25/04/2015 03:59:18",3608,5.91725683,0.50722796
"25/04/2015 04:58:23",3545,5.49712801,0.49365523
"25/04/2015 05:59:15",3652,5.30032492,0.39594087
"25/04/2015 06:59:23",3608,5.72946882,0.49593899
"25/04/2015 07:58:28",3545,5.56494522,0.48955578
"25/04/2015 08:59:18",3650,4.77434015,0.51829046
"25/04/2015 09:59:21",3603,8.38195705,0.72798413
"25/04/2015 10:58:30",3549,8.87769699,0.72676700
"25/04/2015 11:59:12",3642,15.18432522,0.94955784
"25/04/2015 12:59:14",3602,14.36607742,0.91152489
"25/04/2015 13:58:15",3541,5.74537182,0.54210287
"25/04/2015 14:59:04",3649,6.17246628,0.88008827
"25/04/2015 15:59:31",3627,5.30249882,0.93839502
"25/04/2015 16:59:17",3586,6.08327913,1.22601700
"25/04/2015 17:59:45",3628,5.34110403,1.65430129
"25/04/2015 18:59:03",3558,5.12807035,1.44651771
"25/04/2015 19:58:58",3595,5.10726118,1.36432409
"25/04/2015 20:59:42",3644,5.49944162,1.46658659
"25/04/2015 21:59:46",3604,5.17936277,1.06490779
"25/04/2015 22:58:52",3546,4.69795513,0.47476146
"25/04/2015 23:59:38",3646,4.73067713,0.47539946
"26/04/2015 00:59:45",3607,4.84916115,0.43898004
"26/04/2015 01:58:48",3543,4.74830389,0.35069674
"26/04/2015 02:59:36",3648,4.37644434,0.42916742
"26/04/2015 03:59:43",3607,3.84363961,0.26599330
"26/04/2015 04:58:44",3541,0.56021404,0.07834576
"26/04/2015 05:59:35",3651,0.31017819,0.06807574
"26/04/2015 06:59:43",3608,0.31562704,0.06999422
"26/04/2015 07:58:47",3544,0.31729832,0.06984137
"26/04/2015 08:59:41",3654,0.31909421,0.06900044
"26/04/2015 09:59:47",3606,0.38390112,0.09089012
"26/04/2015 10:58:48",3541,0.44386056,0.08647592
"26/04/2015 11:59:36",3648,1.49326324,0.17379677
"26/04/2015 12:59:40",3604,0.72092408,0.09250834
"26/04/2015 13:58:45",3545,0.89964992,0.09348853
"26/04/2015 14:59:41",3656,0.35615155,0.09381830
"26/04/2015 15:59:48",3607,0.70148122,0.11217555
"26/04/2015 16:58:50",3542,1.27953696,0.15966046
"26/04/2015 17:59:41",3651,12.26735783,0.56982082
"26/04/2015 18:59:46",3605,0.71609187,0.09706299
"26/04/2015 19:58:56",3550,0.92549300,0.98782057
"26/04/2015 20:59:53",3657,1.02057314,0.78591096
"26/04/2015 21:59:58",3605,0.62609857,0.65909314
"26/04/2015 22:59:06",3548,1.00125027,0.70272630
"26/04/2015 23:59:03",3597,1.31925142,0.71335095
"27/04/2015 00:59:10",3607,0.66609204,0.70267671
"27/04/2015 01:59:18",3608,1.08297741,0.68864888
"27/04/2015 02:59:15",3597,0.69350046,0.61454076
"27/04/2015 03:59:19",3604,0.63261616,0.65667111
"27/04/2015 04:59:29",3610,0.64095700,0.66318333
"27/04/2015 05:59:25",3596,0.63573545,0.67723536
"27/04/2015 06:59:30",3605,0.68839234,0.68724757
"27/04/2015 07:59:34",3604,0.90937811,0.71132392
"27/04/2015 08:59:54",3620,11.77171326,1.11414027
"27/04/2015 09:58:36",3522,19.58890724,3.14564896
"27/04/2015 10:59:12",3636,32.61223984,5.31235456
"27/04/2015 11:59:09",3597,29.43639755,1.78423667
"27/04/2015 12:58:41",3572,36.05658340,4.42495489
"27/04/2015 13:59:29",3648,32.56442642,5.37371635
"27/04/2015 14:59:25",3596,26.49617004,1.64847374
"27/04/2015 15:59:39",3614,29.05610466,1.78501272
"27/04/2015 16:59:18",3579,24.59142685,1.72880948
"27/04/2015 17:59:19",3601,22.79585075,1.55907798
"27/04/2015 18:59:19",3600,16.72543335,1.49227870
"27/04/2015 19:59:22",3603,7.76097250,0.89066404
"27/04/2015 20:59:12",3590,7.44534397,0.69188344
"27/04/2015 21:58:25",3553,6.24761152,0.72186148
"27/04/2015 22:59:11",3646,5.42391348,0.34684673
"27/04/2015 23:59:24",3613,5.52148151,0.33013782
"28/04/2015 00:59:10",3586,6.42434168,0.34830794
"28/04/2015 01:59:19",3609,4.96382999,0.32187763
"28/04/2015 02:59:24",3605,5.00882053,0.30852196
"28/04/2015 03:59:18",3594,4.54081249,0.29927242
"28/04/2015 04:59:24",3606,3.30091357,0.23886205
"28/04/2015 05:59:26",3602,2.38278151,0.18720864
"28/04/2015 06:59:13",3587,2.31494284,0.19241679
"28/04/2015 07:59:20",3607,2.03268480,0.22943519
"28/04/2015 08:59:49",3629,7.74552441,0.44424671
"28/04/2015 09:59:50",3601,11.70644569,1.43059373
"28/04/2015 10:59:34",3584,29.41531944,2.47321582
"28/04/2015 11:59:17",3583,32.56381226,1.85713756
"28/04/2015 12:59:51",3634,24.15189362,1.46542799
"28/04/2015 13:59:04",3553,13.93636608,1.50382566
"28/04/2015 14:59:08",3604,18.95508766,1.44978166
"28/04/2015 15:59:46",3638,26.06054306,1.97689974
"28/04/2015 16:59:27",3581,19.52092171,1.98219633
"28/04/2015 17:59:49",3622,24.55800438,5.24308395
"28/04/2015 18:58:37",3528,13.86218262,1.24465108
"28/04/2015 19:59:53",3676,7.03280258,1.00993586
"28/04/2015 20:59:04",3551,2.84773159,1.15842891
"28/04/2015 21:59:19",3615,1.47509861,0.24156386
"28/04/2015 22:59:40",3621,1.13192511,0.26734897
"28/04/2015 23:59:40",3600,0.78724027,0.26028764
"29/04/2015 00:59:01",3561,0.84470391,0.14111380
"29/04/2015 01:59:25",3624,1.72401309,0.14921014
"29/04/2015 02:59:09",3584,1.04447436,0.12167565
"29/04/2015 03:59:58",3649,1.76440310,0.14223441
"29/04/2015 04:59:59",3601,0.75269037,0.10699023
"29/04/2015 05:59:27",3568,0.51660252,0.09688721
"29/04/2015 06:59:49",3622,0.55036062,0.09884105
"29/04/2015 07:59:12",3563,1.56126261,0.14448072
"29/04/2015 08:59:56",3644,8.61743546,0.53395587
"29/04/2015 09:59:53",3597,16.02289200,1.12733257
"29/04/2015 10:59:49",3596,31.25841522,3.59682345
"29/04/2015 11:59:28",3579,36.11544418,2.22604728
"29/04/2015 12:59:14",3586,32.24534607,2.02424645
"29/04/2015 13:59:34",3620,29.38850212,1.93118250
"29/04/2015 14:59:47",3613,30.43584442,3.77815127
"29/04/2015 15:59:07",3560,42.12163544,3.66457605
"29/04/2015 16:59:01",3594,31.07832336,2.06915236
"29/04/2015 17:59:11",3610,24.06739044,1.59254062
"29/04/2015 18:59:19",3608,13.90468121,1.10538983
"29/04/2015 19:59:34",3615,8.20101452,2.86896253
"29/04/2015 20:59:51",3617,2.62223911,2.51933098
"29/04/2015 21:59:01",3550,0.97421992,2.15897632
"29/04/2015 22:59:50",3649,0.99081624,1.60394895
"29/04/2015 23:59:39",3589,0.73140401,0.58099061
"30/04/2015 00:59:57",3618,1.92815852,1.08561599
"30/04/2015 01:58:52",3535,2.32023168,0.28962386
"30/04/2015 02:59:13",3621,1.00682950,1.77810407
"30/04/2015 03:59:35",3622,1.38539231,2.26077366
"30/04/2015 04:59:07",3572,2.07151151,3.36588264
"30/04/2015 05:59:19",3612,0.64636952,2.36245346
"30/04/2015 06:59:28",3609,0.88123381,4.33352423
"30/04/2015 07:59:46",3618,3.51050687,2.12117720
"30/04/2015 08:59:10",3564,9.68888760,2.80574274
"30/04/2015 09:58:57",3587,11.71903896,1.08875608
"30/04/2015 10:59:34",3637,15.73396778,1.57519972
"30/04/2015 11:59:10",3576,21.25335312,1.45521629
"30/04/2015 12:59:40",3630,31.35547066,1.75496566
"30/04/2015 13:59:48",3608,33.57752228,3.35175633
"30/04/2015 14:59:17",3569,37.47357941,2.54731941
"30/04/2015 15:58:25",3548,39.87999725,2.91979694
"30/04/2015 16:59:14",3649,17.62630081,1.79263031
"30/04/2015 17:59:05",3591,16.20738792,1.15090191
"30/04/2015 18:58:14",3549,5.63131571,0.54967248
"30/04/2015 19:59:08",3654,1.51512706,1.01075804
"30/04/2015 20:59:09",3601,1.04036295,2.84785557
"30/04/2015 21:59:26",3617,1.95647538,2.60492849
"30/04/2015 22:59:37",3611,3.82385182,3.17566180
"30/04/2015 23:59:46",3609,2.18497658,4.12836170
