"eHealth Trend Report,""logoRpt"""
Router_Comcor_Gi0/1
Divide by Time

","""",""Bits In"",""Bits Out"""
"Sample Time,""Delta Time"",""/sec"",""/sec"""
01/04/2015 00:59:20,3602,470495.09375000,89085.47656250
01/04/2015 01:59:22,3602,584936.37500000,91668.46875000
01/04/2015 02:59:15,3593,721369.75000000,91409.67187500
01/04/2015 03:59:20,3605,631531.12500000,86619.39062500
01/04/2015 04:59:20,3600,348608.75000000,75665.46093750
01/04/2015 05:59:16,3596,381602.28125000,80294.19531250
01/04/2015 06:59:21,3605,347813.03125000,77982.82031250
01/04/2015 07:59:15,3594,2697258.00000000,220709.04687500
01/04/2015 08:59:55,3640,20782578.00000000,1075800.87500000
01/04/2015 09:59:45,3590,21300258.00000000,2167578.00000000
01/04/2015 10:59:10,3565,32104204.00000000,2015098.75000000
01/04/2015 11:59:02,3592,29326926.00000000,2305327.25000000
01/04/2015 12:59:29,3627,17345712.00000000,1713117.25000000
01/04/2015 13:59:06,3577,14962148.00000000,3951448.00000000
01/04/2015 14:59:24,3618,30536550.00000000,4650436.50000000
01/04/2015 15:59:11,3587,21910908.00000000,2101763.00000000
01/04/2015 16:59:40,3629,24620036.00000000,1730223.12500000
01/04/2015 17:59:29,3589,22635578.00000000,1872265.75000000
01/04/2015 18:58:34,3545,12742146.00000000,1084316.87500000
01/04/2015 19:59:22,3648,19402402.00000000,892604.62500000
01/04/2015 20:59:30,3608,7149959.50000000,336198.37500000
01/04/2015 21:59:10,3580,4983557.50000000,261269.87500000
01/04/2015 22:59:12,3602,3942984.75000000,181676.98437500
01/04/2015 23:58:18,3546,3002448.50000000,157979.85937500
02/04/2015 00:59:12,3654,265847.50000000,106689.24218750
02/04/2015 01:59:15,3603,604238.62500000,107016.03125000
02/04/2015 02:58:16,3541,1132527.75000000,124293.09375000
02/04/2015 03:59:08,3652,673546.12500000,117524.60937500
02/04/2015 04:59:11,3603,185893.56250000,95601.27343750
02/04/2015 05:58:17,3546,313147.65625000,99764.73437500
02/04/2015 06:59:13,3656,1887240.25000000,130326.96875000
02/04/2015 07:59:15,3602,2099271.00000000,182220.12500000
02/04/2015 08:58:16,3541,8278292.00000000,502485.84375000
02/04/2015 09:59:57,3701,19955760.00000000,1268412.00000000
02/04/2015 10:59:59,3602,27794248.00000000,1617685.75000000
02/04/2015 11:59:47,3588,22043178.00000000,1611038.50000000
02/04/2015 12:59:31,3584,26899098.00000000,2233136.00000000
02/04/2015 13:59:12,3581,18684116.00000000,1317084.12500000
02/04/2015 14:59:05,3593,24410666.00000000,2061721.00000000
02/04/2015 15:59:06,3601,31158160.00000000,8824497.00000000
02/04/2015 16:59:06,3600,26319130.00000000,16290666.00000000
02/04/2015 17:59:10,3604,24707440.00000000,1868419.25000000
02/04/2015 18:59:49,3639,20619912.00000000,1235551.25000000
02/04/2015 19:59:19,3570,8421020.00000000,551768.50000000
02/04/2015 20:59:21,3602,4977638.00000000,274977.25000000
02/04/2015 21:59:30,3609,3671444.50000000,233370.70312500
02/04/2015 22:58:39,3549,5442920.50000000,250136.45312500
02/04/2015 23:59:33,3654,4632690.00000000,235396.14062500
03/04/2015 00:59:38,3605,2221386.50000000,198195.40625000
03/04/2015 01:58:49,3551,810626.18750000,140023.20312500
03/04/2015 02:59:41,3652,1020234.87500000,117859.46875000
03/04/2015 03:59:52,3611,902477.25000000,109808.75781250
03/04/2015 04:58:53,3541,809585.93750000,106034.89843750
03/04/2015 05:59:48,3655,1998980.37500000,136335.85937500
03/04/2015 06:59:02,3554,2295246.75000000,131985.50000000
03/04/2015 07:59:07,3605,3132784.25000000,196711.67187500
03/04/2015 08:59:01,3594,7139432.50000000,1529147.75000000
03/04/2015 09:59:26,3625,23290384.00000000,5066775.50000000
03/04/2015 10:59:37,3611,18641678.00000000,3353231.00000000
03/04/2015 11:58:18,3521,28345616.00000000,3057556.50000000
03/04/2015 12:59:01,3643,32050256.00000000,2126616.75000000
03/04/2015 13:59:06,3605,21459584.00000000,1418893.00000000
03/04/2015 14:59:33,3627,31915632.00000000,2083546.12500000
03/04/2015 15:59:37,3604,36062604.00000000,2523422.50000000
03/04/2015 16:59:42,3605,33523950.00000000,1964289.37500000
03/04/2015 17:59:42,3600,20377252.00000000,1770045.50000000
03/04/2015 18:59:42,3600,25780832.00000000,1466197.37500000
03/04/2015 19:59:48,3606,14216578.00000000,43801780.00000000
03/04/2015 20:59:39,3591,10867889.00000000,24118576.00000000
03/04/2015 21:59:56,3617,6899433.00000000,241542.82812500
03/04/2015 22:59:03,3547,1832432.37500000,136088.64062500
03/04/2015 23:59:57,3654,4521969.00000000,334606.71875000
04/04/2015 00:59:06,3549,2826574.50000000,167547.64062500
04/04/2015 01:59:09,3603,527002.75000000,95565.87500000
04/04/2015 02:59:04,3595,608699.62500000,122018.71875000
04/04/2015 03:59:12,3608,374537.28125000,114650.75000000
04/04/2015 04:59:16,3604,298374.84375000,88096.71093750
04/04/2015 05:59:17,3601,325751.28125000,91582.24218750
04/04/2015 06:59:19,3602,310084.93750000,83462.32812500
04/04/2015 07:58:25,3546,660424.12500000,83277.67968750
04/04/2015 08:59:15,3650,711731.25000000,88243.54687500
04/04/2015 09:59:27,3612,856011.68750000,98001.64843750
04/04/2015 10:58:33,3546,1073166.25000000,105417.13281250
04/04/2015 11:59:29,3656,2064295.37500000,146014.67187500
04/04/2015 12:59:37,3608,1929460.12500000,133605.60937500
04/04/2015 13:58:43,3546,758211.93750000,117110.25000000
04/04/2015 14:59:37,3654,2311376.75000000,132213.28125000
04/04/2015 15:59:47,3610,2990693.75000000,172406.42187500
04/04/2015 16:58:52,3545,2240952.00000000,169867.15625000
04/04/2015 17:59:42,3650,2455764.75000000,176688.53125000
04/04/2015 18:59:45,3603,4072511.00000000,1940062.25000000
04/04/2015 19:58:49,3544,2346825.00000000,223184.03125000
04/04/2015 20:59:42,3653,2152480.00000000,186681.53125000
04/04/2015 21:59:50,3608,5224671.50000000,269133.75000000
04/04/2015 22:58:58,3548,6313484.50000000,382047.81250000
04/04/2015 23:59:50,3652,5084192.00000000,197042.60937500
05/04/2015 00:59:23,3573,466896.46875000,84512.78125000
05/04/2015 01:58:28,3545,510145.78125000,94690.25000000
05/04/2015 02:59:25,3657,1650713.25000000,107858.39062500
05/04/2015 03:59:31,3606,959583.50000000,93162.98437500
05/04/2015 04:58:35,3544,485671.18750000,85597.03906250
05/04/2015 05:59:28,3653,484668.09375000,88551.12500000
05/04/2015 06:59:42,3614,365819.53125000,89599.18750000
05/04/2015 07:58:45,3543,781681.06250000,91764.83593750
05/04/2015 08:59:38,3653,6090113.50000000,193380.42187500
05/04/2015 09:59:44,3606,2685141.50000000,133213.14062500
05/04/2015 10:58:54,3550,1792260.87500000,298718.25000000
05/04/2015 11:59:49,3655,1913090.75000000,124960.07812500
05/04/2015 12:59:49,3600,2762718.25000000,171602.20312500
05/04/2015 13:58:54,3545,523402.90625000,105777.93750000
05/04/2015 14:59:44,3650,1265336.87500000,123901.75781250
05/04/2015 15:59:55,3611,1891725.00000000,134551.07812500
05/04/2015 16:58:58,3543,1419866.37500000,114036.69531250
05/04/2015 17:59:50,3652,1528159.37500000,129260.37500000
05/04/2015 18:59:57,3607,1399365.87500000,127585.80468750
05/04/2015 19:59:09,3552,403097.59375000,97913.83593750
05/04/2015 20:59:04,3595,6402845.50000000,158513.48437500
05/04/2015 21:59:13,3609,3897497.50000000,154007.15625000
05/04/2015 22:59:15,3602,2222387.00000000,159078.20312500
05/04/2015 23:59:18,3603,3364995.50000000,170522.00000000
06/04/2015 00:59:52,3634,1396932.37500000,129090.21875000
06/04/2015 01:59:04,3552,476520.18750000,106950.37500000
06/04/2015 02:59:59,3655,386990.34375000,86485.66406250
06/04/2015 03:59:08,3549,309446.12500000,83367.89062500
06/04/2015 04:59:19,3611,320406.78125000,82585.09375000
06/04/2015 05:59:14,3595,289300.09375000,81830.43750000
06/04/2015 06:59:13,3599,1202438.25000000,97900.25781250
06/04/2015 07:59:20,3607,1179122.12500000,119776.48437500
06/04/2015 08:59:18,3598,3808381.50000000,378118.12500000
06/04/2015 09:59:08,3590,15134569.00000000,1297640.12500000
06/04/2015 10:59:09,3601,17381454.00000000,1879578.25000000
06/04/2015 11:59:59,3650,23375822.00000000,4656961.00000000
06/04/2015 12:59:04,3545,25245242.00000000,1963924.00000000
06/04/2015 13:59:11,3607,28355626.00000000,5734529.50000000
06/04/2015 14:59:44,3633,27724918.00000000,5828032.00000000
06/04/2015 15:59:50,3606,30381836.00000000,9711066.00000000
06/04/2015 16:58:55,3545,42152024.00000000,5948214.50000000
06/04/2015 17:59:46,3651,29141112.00000000,3829916.00000000
06/04/2015 18:59:54,3608,16782956.00000000,2740297.75000000
06/04/2015 19:58:57,3543,22223980.00000000,1564200.37500000
06/04/2015 20:59:50,3653,11545913.00000000,680132.25000000
06/04/2015 21:59:58,3608,6382666.50000000,328234.00000000
06/04/2015 22:59:42,3584,4029374.50000000,286074.00000000
06/04/2015 23:59:49,3607,4368582.00000000,231333.43750000
07/04/2015 00:59:45,3596,690715.43750000,126371.24218750
07/04/2015 01:59:50,3605,237627.57812500,103661.53906250
07/04/2015 02:59:56,3606,333384.34375000,98031.99218750
07/04/2015 03:59:50,3594,263497.37500000,88981.54687500
07/04/2015 04:59:57,3607,270579.62500000,86717.30468750
07/04/2015 05:59:06,3549,298656.56250000,93265.42187500
07/04/2015 06:59:54,3648,849293.37500000,105339.71875000
07/04/2015 07:59:01,3547,7302903.00000000,327880.34375000
07/04/2015 08:59:04,3603,10106661.00000000,501429.75000000
07/04/2015 09:59:16,3612,16566084.00000000,1335733.75000000
07/04/2015 10:59:04,3588,34262048.00000000,4512984.00000000
07/04/2015 11:58:46,3582,22807512.00000000,2106091.75000000
07/04/2015 12:59:19,3633,17204538.00000000,1435065.62500000
07/04/2015 13:59:23,3604,22674388.00000000,1630155.75000000
07/04/2015 14:58:28,3545,30940920.00000000,2210335.75000000
07/04/2015 15:59:23,3655,23834728.00000000,3479136.75000000
07/04/2015 16:59:33,3610,25393534.00000000,2099133.00000000
07/04/2015 17:58:45,3552,21784760.00000000,1685284.87500000
07/04/2015 18:59:39,3654,11826911.00000000,914357.43750000
07/04/2015 19:59:45,3606,5054114.00000000,382978.28125000
07/04/2015 20:58:52,3547,5367339.50000000,283207.75000000
07/04/2015 21:59:51,3659,3662991.25000000,260314.56250000
07/04/2015 22:58:57,3546,5129554.50000000,247462.04687500
07/04/2015 23:59:51,3654,3705761.75000000,194310.31250000
08/04/2015 00:59:00,3549,536350.31250000,117051.47656250
08/04/2015 01:59:10,3610,327158.03125000,122609.17968750
08/04/2015 02:59:09,3599,357958.62500000,102961.82812500
08/04/2015 03:59:16,3607,474916.03125000,104224.78906250
08/04/2015 04:59:21,3605,1151269.62500000,120483.53906250
08/04/2015 05:59:12,3591,1602052.37500000,131631.34375000
08/04/2015 06:59:18,3606,3503228.50000000,165189.43750000
08/04/2015 07:59:22,3604,3557157.75000000,186987.96875000
08/04/2015 08:59:10,3588,11239163.00000000,579635.37500000
08/04/2015 09:59:08,3598,41256880.00000000,2250259.00000000
08/04/2015 10:59:37,3629,26678532.00000000,1696008.12500000
08/04/2015 11:59:13,3576,35777444.00000000,1906042.00000000
08/04/2015 12:59:58,3645,16507968.00000000,4450530.50000000
08/04/2015 13:59:49,3591,25520740.00000000,1720164.87500000
08/04/2015 14:58:53,3544,28396844.00000000,1689648.50000000
08/04/2015 15:59:45,3652,18248850.00000000,2158995.75000000
08/04/2015 16:59:48,3603,21545988.00000000,2804083.25000000
08/04/2015 17:58:54,3546,21150096.00000000,1629450.25000000
08/04/2015 18:59:49,3655,35902080.00000000,2109759.50000000
08/04/2015 19:59:59,3610,18009500.00000000,1371579.12500000
08/04/2015 20:59:05,3546,1479523.62500000,497209.03125000
08/04/2015 21:59:07,3602,1117320.25000000,261864.76562500
08/04/2015 22:59:12,3605,1826760.12500000,207491.09375000
08/04/2015 23:59:05,3593,2953116.75000000,192655.64062500
09/04/2015 00:59:22,3617,386059.75000000,139719.93750000
09/04/2015 01:58:27,3545,335217.68750000,134103.56250000
09/04/2015 02:59:21,3654,348169.53125000,134985.07812500
09/04/2015 03:59:25,3604,342089.78125000,153879.57812500
09/04/2015 04:58:31,3546,246709.79687500,126195.56250000
09/04/2015 05:59:24,3653,226694.01562500,120644.86718750
09/04/2015 06:59:29,3605,699036.93750000,129140.46093750
09/04/2015 07:58:39,3550,2199188.50000000,179430.76562500
09/04/2015 08:59:28,3649,6356968.00000000,443021.84375000
09/04/2015 09:58:34,3546,17804164.00000000,1251082.00000000
09/04/2015 10:58:38,3604,26014724.00000000,1648865.00000000
09/04/2015 11:59:32,3654,24811248.00000000,2653735.00000000
09/04/2015 12:59:37,3605,20662170.00000000,1557738.87500000
09/04/2015 13:58:39,3542,20773978.00000000,2261387.50000000
09/04/2015 14:59:31,3652,15690047.00000000,2116778.50000000
09/04/2015 15:59:32,3601,25533966.00000000,3399272.75000000
09/04/2015 16:59:02,3570,24159328.00000000,2197172.50000000
09/04/2015 17:59:05,3603,25492872.00000000,2802080.00000000
09/04/2015 18:59:12,3607,18476652.00000000,6351382.50000000
09/04/2015 19:59:34,3622,13426672.00000000,2180141.75000000
09/04/2015 20:59:42,3608,5211996.00000000,343475.37500000
09/04/2015 21:59:17,3575,1628907.87500000,233361.29687500
09/04/2015 22:59:20,3603,6478554.00000000,297469.87500000
09/04/2015 23:58:22,3542,11004775.00000000,366409.28125000
10/04/2015 00:59:11,3649,3342526.00000000,185142.51562500
10/04/2015 01:59:14,3603,914412.68750000,139056.10937500
10/04/2015 02:58:15,3541,1084339.25000000,155716.10937500
10/04/2015 03:59:04,3649,890568.12500000,105094.21093750
10/04/2015 04:59:08,3604,480496.93750000,85471.50000000
10/04/2015 05:58:12,3544,857639.43750000,93349.92187500
10/04/2015 06:59:07,3655,1951700.12500000,122625.89062500
10/04/2015 07:59:16,3609,3924398.25000000,178198.42187500
10/04/2015 08:59:35,3619,7067357.00000000,1411939.00000000
10/04/2015 09:59:30,3595,25293686.00000000,7507953.00000000
10/04/2015 10:59:34,3604,33924520.00000000,3321151.25000000
10/04/2015 11:59:34,3600,25051266.00000000,2113966.00000000
10/04/2015 12:59:52,3618,22868504.00000000,2152046.00000000
10/04/2015 13:59:35,3583,16900442.00000000,2495632.25000000
10/04/2015 14:59:10,3575,32390110.00000000,3246055.25000000
10/04/2015 15:58:24,3554,18595748.00000000,2035198.00000000
10/04/2015 16:59:34,3670,24593334.00000000,2007745.37500000
10/04/2015 17:59:40,3606,16399578.00000000,1300726.50000000
10/04/2015 18:59:33,3593,10074897.00000000,862191.50000000
10/04/2015 19:59:39,3606,4544965.00000000,519115.75000000
10/04/2015 20:59:39,3600,2871580.00000000,216684.65625000
10/04/2015 21:59:11,3572,1842377.00000000,193181.39062500
10/04/2015 22:59:20,3609,3162528.75000000,175352.82812500
10/04/2015 23:59:13,3593,7257832.00000000,219528.15625000
11/04/2015 00:59:18,3605,5189756.50000000,171983.14062500
11/04/2015 01:59:23,3605,262900.75000000,72592.96875000
11/04/2015 02:59:19,3596,388318.96875000,74510.27343750
11/04/2015 03:59:22,3603,520896.03125000,85412.23437500
11/04/2015 04:59:29,3607,341380.00000000,73464.15625000
11/04/2015 05:59:54,3625,291884.28125000,310745.59375000
11/04/2015 06:59:57,3603,566441.75000000,608099.81250000
11/04/2015 07:59:09,3552,599290.68750000,626266.37500000
11/04/2015 08:59:02,3593,7395979.50000000,771572.18750000
11/04/2015 09:59:09,3607,1593094.12500000,734506.62500000
11/04/2015 10:59:15,3606,2726579.25000000,937711.37500000
11/04/2015 11:59:07,3592,5837038.50000000,839885.81250000
11/04/2015 12:59:16,3609,3956419.25000000,812949.87500000
11/04/2015 13:59:18,3602,3896774.75000000,815664.87500000
11/04/2015 14:59:10,3592,5091280.00000000,819999.93750000
11/04/2015 15:59:19,3609,5912980.50000000,861179.18750000
11/04/2015 16:59:21,3602,4384178.50000000,848507.37500000
11/04/2015 17:59:18,3597,2923097.00000000,850900.18750000
11/04/2015 18:59:21,3603,2657828.25000000,797759.12500000
11/04/2015 19:59:30,3609,3968883.00000000,909832.62500000
11/04/2015 20:59:26,3596,3665076.50000000,752725.12500000
11/04/2015 21:59:31,3605,3428975.75000000,720949.12500000
11/04/2015 22:59:41,3610,4331993.00000000,756670.18750000
11/04/2015 23:59:56,3615,4430518.00000000,769961.87500000
12/04/2015 00:59:31,3575,769489.25000000,710593.31250000
12/04/2015 01:58:34,3543,462302.46875000,691027.93750000
12/04/2015 02:59:35,3661,646144.81250000,716831.62500000
12/04/2015 03:59:45,3610,546182.00000000,734301.18750000
12/04/2015 04:58:50,3545,521234.71875000,671230.18750000
12/04/2015 05:59:44,3654,597496.31250000,621605.56250000
12/04/2015 06:59:53,3609,456489.78125000,650817.56250000
12/04/2015 07:59:02,3549,1366946.62500000,695898.62500000
12/04/2015 08:59:57,3655,2074014.12500000,644839.81250000
12/04/2015 09:59:06,3549,1872901.75000000,105985.29687500
12/04/2015 10:59:09,3603,1744229.87500000,122440.89843750
12/04/2015 11:59:07,3598,2937503.75000000,137560.07812500
12/04/2015 12:59:16,3609,421124.12500000,103828.71093750
12/04/2015 13:59:29,3613,1231555.50000000,98729.98437500
12/04/2015 14:59:24,3595,1230034.62500000,116107.78906250
12/04/2015 15:59:31,3607,1198385.12500000,99045.10156250
12/04/2015 16:59:36,3605,411679.00000000,97482.70312500
12/04/2015 17:59:37,3601,1461000.12500000,114975.78125000
12/04/2015 18:59:42,3605,2027182.50000000,135595.21875000
12/04/2015 19:59:53,3611,8616852.00000000,250195.71875000
12/04/2015 20:59:57,3604,7362877.50000000,231262.60937500
12/04/2015 21:59:03,3546,709371.43750000,93649.64843750
12/04/2015 22:59:10,3607,612443.00000000,84687.52343750
12/04/2015 23:58:19,3549,1154888.12500000,182535.35937500
13/04/2015 00:59:31,3672,725660.43750000,134318.70312500
13/04/2015 01:59:43,3612,840760.93750000,91259.96093750
13/04/2015 02:59:43,3600,200090.84375000,63873.45703125
13/04/2015 03:59:52,3609,155727.93750000,63936.55078125
13/04/2015 04:59:58,3606,147489.09375000,67519.49218750
13/04/2015 05:59:55,3597,130182.81250000,61836.88281250
13/04/2015 06:59:04,3549,1292285.50000000,80699.79687500
13/04/2015 07:59:09,3605,1784190.75000000,123804.01562500
13/04/2015 08:58:13,3544,12008604.00000000,587040.93750000
13/04/2015 09:59:15,3662,10820935.00000000,1395156.62500000
13/04/2015 10:59:29,3614,25953094.00000000,2093443.62500000
13/04/2015 11:59:30,3601,21753380.00000000,3222186.00000000
13/04/2015 12:59:17,3587,20623430.00000000,2165908.25000000
13/04/2015 13:59:32,3615,24616530.00000000,1698649.12500000
13/04/2015 14:59:25,3593,28247062.00000000,2407951.00000000
13/04/2015 15:59:33,3608,33387236.00000000,2388024.75000000
13/04/2015 16:59:33,3600,16448869.00000000,1514442.50000000
13/04/2015 17:59:36,3603,29169532.00000000,2398614.50000000
13/04/2015 18:59:38,3602,15878498.00000000,1410311.25000000
13/04/2015 19:59:34,3596,10675339.00000000,1152716.50000000
13/04/2015 20:59:42,3608,6106272.50000000,1150190.37500000
13/04/2015 21:59:36,3594,3598667.75000000,429827.28125000
13/04/2015 22:59:26,3590,2835635.50000000,188011.25000000
13/04/2015 23:59:19,3593,459373.65625000,126515.69531250
14/04/2015 00:59:26,3607,520761.81250000,127670.43750000
14/04/2015 01:59:30,3604,3342455.25000000,172315.28125000
14/04/2015 02:59:25,3595,205561.46875000,91880.69531250
14/04/2015 03:59:32,3607,227739.18750000,97224.07031250
14/04/2015 04:59:38,3606,440294.03125000,99649.88281250
14/04/2015 05:59:31,3593,288200.62500000,95288.71093750
14/04/2015 06:59:35,3604,1660192.87500000,146352.87500000
14/04/2015 07:59:41,3606,3242011.00000000,288470.96875000
14/04/2015 08:59:34,3593,9659400.00000000,662952.37500000
14/04/2015 09:59:36,3602,15986930.00000000,1296223.62500000
14/04/2015 10:59:31,3595,31286592.00000000,2302537.75000000
14/04/2015 11:59:30,3599,29113842.00000000,2078883.37500000
14/04/2015 12:59:36,3606,26785088.00000000,2130097.25000000
14/04/2015 13:58:37,3541,32873948.00000000,2271735.75000000
14/04/2015 14:59:26,3649,26742220.00000000,1912967.87500000
14/04/2015 15:59:39,3613,28103484.00000000,1789506.50000000
14/04/2015 16:59:20,3581,20749006.00000000,1548436.75000000
14/04/2015 17:58:27,3547,23244388.00000000,1371657.62500000
14/04/2015 18:59:20,3653,31622678.00000000,1532767.37500000
14/04/2015 19:59:29,3609,20390564.00000000,985350.75000000
14/04/2015 20:58:33,3544,5679879.50000000,692543.00000000
14/04/2015 21:59:25,3652,5434358.50000000,282812.43750000
14/04/2015 22:59:36,3611,5899224.50000000,326405.03125000
14/04/2015 23:58:42,3546,10058531.00000000,309315.00000000
15/04/2015 00:59:38,3656,6135901.50000000,266550.90625000
15/04/2015 01:59:46,3608,2024172.37500000,135866.04687500
15/04/2015 02:58:52,3546,1359519.37500000,117403.50781250
15/04/2015 03:59:46,3654,905309.93750000,97200.62500000
15/04/2015 04:59:54,3608,1264777.50000000,97416.79687500
15/04/2015 05:58:59,3545,1123575.37500000,85053.45312500
15/04/2015 06:59:52,3653,1725144.87500000,101809.09375000
15/04/2015 07:58:59,3547,6877781.00000000,226092.96875000
15/04/2015 08:59:04,3605,8996633.00000000,434578.21875000
15/04/2015 09:59:53,3649,26459722.00000000,1425280.00000000
15/04/2015 10:59:55,3602,26299084.00000000,1812444.75000000
15/04/2015 11:58:51,3536,26963428.00000000,2592768.00000000
15/04/2015 12:59:31,3640,40060056.00000000,4276683.00000000
15/04/2015 13:59:15,3584,37317788.00000000,2129012.50000000
15/04/2015 14:59:50,3635,19554892.00000000,2060291.37500000
15/04/2015 15:59:21,3571,25813654.00000000,1827020.12500000
15/04/2015 16:59:42,3621,32999812.00000000,2926910.50000000
15/04/2015 17:59:29,3587,22713300.00000000,1781105.75000000
15/04/2015 18:59:45,3616,11813087.00000000,1139676.87500000
15/04/2015 19:59:26,3581,7518081.50000000,460035.37500000
15/04/2015 20:59:29,3603,3964968.75000000,239636.46875000
15/04/2015 21:59:39,3610,4712857.00000000,243587.76562500
15/04/2015 22:59:36,3597,3386088.25000000,259951.37500000
15/04/2015 23:59:46,3610,5067255.00000000,206393.01562500
16/04/2015 00:59:54,3608,370290.87500000,106610.80468750
16/04/2015 01:59:52,3598,548267.81250000,100571.85937500
16/04/2015 02:59:02,3550,336093.28125000,79003.07812500
16/04/2015 03:59:11,3609,188985.71875000,76819.06250000
16/04/2015 04:58:17,3546,131394.96875000,67660.87500000
16/04/2015 05:59:12,3655,2162540.75000000,109140.60937500
16/04/2015 06:59:16,3604,2124262.25000000,101472.03906250
16/04/2015 07:59:24,3608,676868.68750000,88742.17187500
16/04/2015 08:59:15,3591,7777116.00000000,478846.46875000
16/04/2015 09:59:43,3628,18956844.00000000,1294715.37500000
16/04/2015 10:59:06,3563,29376288.00000000,1940073.87500000
16/04/2015 11:59:57,3651,31660402.00000000,2283656.25000000
16/04/2015 12:59:06,3549,44945392.00000000,2166695.25000000
16/04/2015 13:59:58,3652,44324076.00000000,2241817.50000000
16/04/2015 14:59:37,3579,49622532.00000000,2434976.50000000
16/04/2015 15:59:03,3566,41832296.00000000,2357812.00000000
16/04/2015 16:59:34,3631,29221434.00000000,1768993.75000000
16/04/2015 17:59:19,3585,30560686.00000000,1688628.25000000
16/04/2015 18:59:06,3587,34542488.00000000,1684242.75000000
16/04/2015 19:59:40,3634,6597823.50000000,638985.56250000
16/04/2015 20:59:19,3579,2980007.00000000,1323424.25000000
16/04/2015 21:59:35,3616,1913776.62500000,406210.25000000
16/04/2015 22:59:45,3610,1901110.37500000,160869.40625000
16/04/2015 23:58:50,3545,725030.56250000,123350.25781250
17/04/2015 00:59:44,3654,1398817.75000000,141164.17187500
17/04/2015 01:59:46,3602,565829.25000000,119361.42187500
17/04/2015 02:58:47,3541,611988.18750000,111148.75000000
17/04/2015 03:59:40,3653,615403.93750000,104240.91406250
17/04/2015 04:59:51,3611,694832.93750000,106557.25000000
17/04/2015 05:58:29,3518,485741.18750000,100212.97656250
17/04/2015 06:59:45,3676,604667.06250000,104347.99218750
17/04/2015 07:58:39,3534,1757188.75000000,152287.68750000
17/04/2015 08:59:03,3624,9125377.00000000,1648283.37500000
17/04/2015 09:59:23,3620,21533166.00000000,6159605.50000000
17/04/2015 10:59:46,3623,27539696.00000000,2836643.25000000
17/04/2015 11:58:40,3534,23179376.00000000,2103042.25000000
17/04/2015 12:59:06,3626,27409478.00000000,2136006.50000000
17/04/2015 13:59:46,3640,44089680.00000000,2391015.25000000
17/04/2015 14:59:47,3601,29558460.00000000,2097452.25000000
17/04/2015 15:59:29,3582,26694306.00000000,2180901.50000000
17/04/2015 16:59:59,3630,24551336.00000000,2228445.25000000
17/04/2015 17:59:15,3556,14747953.00000000,1491696.12500000
17/04/2015 18:59:33,3618,7320332.50000000,2006783.00000000
17/04/2015 19:59:15,3582,3482422.75000000,676978.93750000
17/04/2015 20:59:33,3618,3941795.75000000,2329145.75000000
17/04/2015 21:59:57,3624,1229132.37500000,369463.09375000
17/04/2015 22:59:05,3548,1113763.12500000,669907.75000000
17/04/2015 23:59:11,3606,1292344.37500000,385167.25000000
18/04/2015 00:59:41,3630,484337.62500000,446984.12500000
18/04/2015 01:59:40,3599,397816.93750000,332693.84375000
18/04/2015 02:58:43,3543,416933.75000000,441784.84375000
18/04/2015 03:59:34,3651,456863.34375000,164263.68750000
18/04/2015 04:59:33,3599,501513.78125000,103609.82812500
18/04/2015 05:59:17,3584,338796.21875000,198897.42187500
18/04/2015 06:59:23,3606,375381.25000000,77358.53906250
18/04/2015 07:58:25,3542,433712.37500000,87116.42968750
18/04/2015 08:59:22,3657,1098648.62500000,213107.92187500
18/04/2015 09:59:29,3607,4127721.50000000,678552.87500000
18/04/2015 10:58:37,3548,9269549.00000000,756533.37500000
18/04/2015 11:59:32,3655,17813444.00000000,6127090.50000000
18/04/2015 12:59:44,3612,15980175.00000000,2023346.87500000
18/04/2015 13:58:56,3552,7130781.00000000,841176.18750000
18/04/2015 14:59:49,3653,4745443.50000000,928611.31250000
18/04/2015 15:59:55,3606,6439625.00000000,952022.93750000
18/04/2015 16:58:59,3544,5127695.50000000,600749.93750000
18/04/2015 17:59:56,3657,5312791.50000000,695626.68750000
18/04/2015 18:59:04,3548,5036586.00000000,851994.00000000
18/04/2015 19:59:10,3606,5018309.50000000,819253.37500000
18/04/2015 20:59:09,3599,5334644.00000000,509929.25000000
18/04/2015 21:59:22,3613,7833049.50000000,693005.68750000
18/04/2015 22:59:33,3611,7374290.50000000,599185.50000000
18/04/2015 23:59:29,3596,4795796.50000000,418076.18750000
19/04/2015 00:59:40,3611,6165840.00000000,966632.18750000
19/04/2015 01:59:48,3608,5120769.50000000,558988.75000000
19/04/2015 02:59:38,3590,4728715.00000000,510495.65625000
19/04/2015 03:59:45,3607,3965454.25000000,511198.84375000
19/04/2015 04:59:51,3606,435841.46875000,139861.68750000
19/04/2015 05:59:46,3595,335649.21875000,88343.14062500
19/04/2015 06:59:51,3605,361759.43750000,90315.23437500
19/04/2015 07:59:57,3606,338827.90625000,235854.45312500
19/04/2015 08:59:53,3596,342365.62500000,177560.23437500
19/04/2015 09:59:59,3606,380107.21875000,148292.18750000
19/04/2015 10:59:10,3551,1868251.62500000,137002.46875000
19/04/2015 11:58:18,3548,377593.78125000,98642.79687500
19/04/2015 12:59:12,3654,522420.18750000,541096.37500000
19/04/2015 13:59:20,3608,2786045.25000000,374956.28125000
19/04/2015 14:58:25,3545,4120013.50000000,425288.15625000
19/04/2015 15:59:21,3656,551705.81250000,112146.80468750
19/04/2015 16:59:28,3607,521614.50000000,159223.26562500
19/04/2015 17:58:39,3551,650954.12500000,165827.73437500
19/04/2015 18:59:34,3655,464165.53125000,320209.50000000
19/04/2015 19:59:47,3613,482580.06250000,312944.65625000
19/04/2015 20:58:58,3551,365324.84375000,108083.03906250
19/04/2015 21:59:03,3605,503517.78125000,91557.17187500
19/04/2015 22:59:08,3605,1498556.87500000,118324.26562500
19/04/2015 23:59:13,3605,1581784.87500000,172573.96875000
20/04/2015 00:59:10,3597,613636.00000000,286977.71875000
20/04/2015 01:59:16,3606,1186173.00000000,248372.89062500
20/04/2015 02:59:23,3607,629829.62500000,309876.18750000
20/04/2015 03:59:19,3596,353186.34375000,126598.26562500
20/04/2015 04:59:24,3605,374438.31250000,88838.89062500
20/04/2015 05:59:29,3605,357171.00000000,89560.58593750
20/04/2015 06:59:18,3589,373148.75000000,88805.07031250
20/04/2015 07:59:23,3605,435115.25000000,237492.34375000
20/04/2015 08:59:28,3605,6493187.50000000,614776.06250000
20/04/2015 09:59:29,3601,12992312.00000000,990484.68750000
20/04/2015 10:59:35,3606,14718205.00000000,1687705.37500000
20/04/2015 11:59:39,3604,32215322.00000000,3787038.50000000
20/04/2015 12:59:29,3590,26786982.00000000,2847089.75000000
20/04/2015 13:59:34,3605,31407728.00000000,1744623.25000000
20/04/2015 14:59:11,3577,27998850.00000000,2136195.00000000
20/04/2015 15:59:44,3633,26014912.00000000,2239419.50000000
20/04/2015 16:58:28,3524,46321120.00000000,2614745.00000000
20/04/2015 17:59:35,3667,27307582.00000000,2868410.75000000
20/04/2015 18:59:46,3611,20792136.00000000,1482917.62500000
20/04/2015 19:59:51,3605,12258759.00000000,1114611.87500000
20/04/2015 20:58:20,3509,5821573.00000000,698148.56250000
20/04/2015 21:58:30,3610,6654601.00000000,584102.62500000
20/04/2015 22:59:08,3638,5597649.00000000,489028.96875000
20/04/2015 23:59:16,3608,4844241.50000000,489695.65625000
21/04/2015 00:59:10,3594,4793546.50000000,485128.68750000
21/04/2015 01:59:15,3605,5125242.00000000,488620.40625000
21/04/2015 02:59:20,3605,4484398.00000000,469747.00000000
21/04/2015 03:59:18,3598,4540609.50000000,474803.59375000
21/04/2015 04:59:26,3608,4626091.50000000,472310.62500000
21/04/2015 05:59:35,3609,4523169.50000000,467909.84375000
21/04/2015 06:59:29,3594,4457490.00000000,412701.90625000
21/04/2015 07:59:35,3606,4711665.00000000,533630.62500000
21/04/2015 08:59:41,3606,11309649.00000000,868747.31250000
21/04/2015 09:59:31,3590,21603496.00000000,1760513.25000000
21/04/2015 10:59:26,3595,35440976.00000000,2373159.75000000
21/04/2015 11:59:51,3625,30554406.00000000,2087116.00000000
21/04/2015 12:59:44,3593,25835322.00000000,2870396.50000000
21/04/2015 13:59:49,3605,44085808.00000000,2467980.25000000
21/04/2015 14:59:29,3580,46204652.00000000,2680935.00000000
21/04/2015 15:59:50,3621,46833240.00000000,2675338.50000000
21/04/2015 16:59:24,3574,40199300.00000000,2707508.75000000
21/04/2015 17:59:39,3615,23697752.00000000,5373494.00000000
21/04/2015 18:59:54,3615,14942234.00000000,1273655.50000000
21/04/2015 19:58:53,3539,5083572.00000000,586987.81250000
21/04/2015 20:59:49,3656,11375712.00000000,515087.68750000
21/04/2015 21:59:35,3586,1271610.25000000,170966.45312500
21/04/2015 22:59:26,3591,810327.06250000,171717.32812500
21/04/2015 23:59:33,3607,918072.18750000,135492.06250000
22/04/2015 00:59:06,3573,467572.96875000,121665.48437500
22/04/2015 01:59:03,3597,351087.43750000,108912.27343750
22/04/2015 02:59:13,3610,259290.35937500,100198.27343750
22/04/2015 03:59:19,3606,363567.65625000,102960.41406250
22/04/2015 04:59:18,3599,362680.06250000,107940.17187500
22/04/2015 05:59:24,3606,595984.75000000,126248.39843750
22/04/2015 06:59:35,3611,289026.18750000,110991.22656250
22/04/2015 07:59:40,3605,468721.31250000,256743.21875000
22/04/2015 08:59:33,3593,8532811.00000000,543730.06250000
22/04/2015 09:58:24,3531,13916662.00000000,1150542.12500000
22/04/2015 10:59:19,3655,24120814.00000000,1739088.75000000
22/04/2015 11:59:20,3601,40896748.00000000,3263109.50000000
22/04/2015 12:59:07,3587,68986664.00000000,3874407.25000000
22/04/2015 13:59:16,3609,31360394.00000000,2356613.00000000
22/04/2015 14:59:29,3613,34645168.00000000,2499104.25000000
22/04/2015 15:59:16,3587,30034626.00000000,2244672.00000000
22/04/2015 16:59:51,3635,31496674.00000000,2377156.25000000
22/04/2015 17:59:19,3568,25651242.00000000,2113515.25000000
22/04/2015 18:58:47,3568,16072161.00000000,1429555.62500000
22/04/2015 19:59:32,3645,8205848.50000000,671599.62500000
22/04/2015 20:59:38,3606,5776529.00000000,589723.50000000
22/04/2015 21:59:39,3601,4698577.50000000,531626.06250000
22/04/2015 22:59:39,3600,4533773.00000000,462578.06250000
22/04/2015 23:59:43,3604,4650004.50000000,454238.90625000
23/04/2015 00:59:35,3592,4767216.50000000,467666.96875000
23/04/2015 01:59:43,3608,4482115.50000000,461295.53125000
23/04/2015 02:59:50,3607,4453763.00000000,455898.87500000
23/04/2015 03:59:49,3599,4469312.50000000,456707.40625000
23/04/2015 04:59:57,3608,3322939.25000000,331906.84375000
23/04/2015 05:59:04,3547,414414.09375000,98255.17187500
23/04/2015 06:59:56,3652,410204.43750000,114861.77343750
23/04/2015 07:59:54,3598,2688078.75000000,239372.67187500
23/04/2015 08:59:39,3585,11899875.00000000,1091645.12500000
23/04/2015 09:59:41,3602,19652952.00000000,1879172.50000000
23/04/2015 10:59:48,3607,32197872.00000000,2069725.75000000
23/04/2015 11:59:26,3578,32417070.00000000,3287478.50000000
23/04/2015 12:58:41,3555,35039352.00000000,17608906.00000000
23/04/2015 13:59:30,3649,29027100.00000000,1935676.00000000
23/04/2015 14:59:05,3575,23615136.00000000,2215105.25000000
23/04/2015 15:59:39,3634,26796818.00000000,2079656.62500000
23/04/2015 16:59:17,3578,27414074.00000000,2388952.50000000
23/04/2015 17:59:43,3626,32665160.00000000,2700522.50000000
23/04/2015 18:59:08,3565,10235001.00000000,1162079.37500000
23/04/2015 19:59:07,3599,5728249.00000000,631618.25000000
23/04/2015 20:59:14,3607,2067239.37500000,316154.53125000
23/04/2015 21:59:22,3608,630270.87500000,143192.90625000
23/04/2015 22:59:20,3598,675742.25000000,4287038.50000000
23/04/2015 23:59:28,3608,280499.50000000,132779.35937500
24/04/2015 00:59:39,3611,572402.18750000,115159.05468750
24/04/2015 01:59:35,3596,726881.93750000,127358.85937500
24/04/2015 02:59:44,3609,396767.37500000,102074.20312500
24/04/2015 03:59:51,3607,1244955.75000000,121935.06250000
24/04/2015 04:59:45,3594,323693.65625000,103899.24218750
24/04/2015 05:59:53,3608,220883.45312500,97132.25781250
24/04/2015 06:59:05,3552,247813.40625000,97323.39062500
24/04/2015 07:59:59,3654,1462087.00000000,142921.14062500
24/04/2015 08:59:05,3546,7830601.50000000,503917.75000000
24/04/2015 09:59:07,3602,17210354.00000000,1946914.50000000
24/04/2015 10:59:53,3646,44711864.00000000,2520291.50000000
24/04/2015 11:59:34,3581,41553804.00000000,2363578.50000000
24/04/2015 12:58:12,3518,31448006.00000000,2122501.00000000
24/04/2015 13:59:13,3661,37865260.00000000,2135527.50000000
24/04/2015 14:59:51,3638,65516948.00000000,3270197.75000000
24/04/2015 15:59:30,3579,46963552.00000000,2598583.00000000
24/04/2015 16:59:01,3571,46821160.00000000,2753705.00000000
24/04/2015 17:59:35,3634,14442942.00000000,1110575.00000000
24/04/2015 18:59:11,3576,11168352.00000000,874709.06250000
24/04/2015 19:59:10,3599,6969454.00000000,504896.03125000
24/04/2015 20:59:44,3634,4859456.00000000,354161.40625000
24/04/2015 21:59:07,3563,5743759.00000000,350604.03125000
24/04/2015 22:59:18,3611,6605345.50000000,405347.46875000
24/04/2015 23:59:07,3589,6067864.00000000,508906.59375000
25/04/2015 00:59:11,3604,7502969.00000000,548053.68750000
25/04/2015 01:58:16,3545,7385823.50000000,531743.43750000
25/04/2015 02:59:10,3654,6542314.00000000,519679.71875000
25/04/2015 03:59:18,3608,5917256.50000000,507227.96875000
25/04/2015 04:58:23,3545,5497128.00000000,493655.25000000
25/04/2015 05:59:15,3652,5300325.00000000,395940.87500000
25/04/2015 06:59:23,3608,5729469.00000000,495938.96875000
25/04/2015 07:58:28,3545,5564945.00000000,489555.78125000
25/04/2015 08:59:18,3650,4774340.00000000,518290.43750000
25/04/2015 09:59:21,3603,8381957.00000000,727984.12500000
25/04/2015 10:58:30,3549,8877697.00000000,726767.06250000
25/04/2015 11:59:12,3642,15184325.00000000,949557.81250000
25/04/2015 12:59:14,3602,14366078.00000000,911524.87500000
25/04/2015 13:58:15,3541,5745371.50000000,542102.87500000
25/04/2015 14:59:04,3649,6172466.50000000,880088.31250000
25/04/2015 15:59:31,3627,5302499.00000000,938395.06250000
25/04/2015 16:59:17,3586,6083279.00000000,1226017.00000000
25/04/2015 17:59:45,3628,5341104.00000000,1654301.37500000
25/04/2015 18:59:03,3558,5128070.00000000,1446517.75000000
25/04/2015 19:58:58,3595,5107261.00000000,1364324.00000000
25/04/2015 20:59:42,3644,5499441.50000000,1466586.62500000
25/04/2015 21:59:46,3604,5179363.00000000,1064907.75000000
25/04/2015 22:58:52,3546,4697955.00000000,474761.46875000
25/04/2015 23:59:38,3646,4730677.00000000,475399.43750000
26/04/2015 00:59:45,3607,4849161.00000000,438980.03125000
26/04/2015 01:58:48,3543,4748303.50000000,350696.71875000
26/04/2015 02:59:36,3648,4376444.50000000,429167.43750000
26/04/2015 03:59:43,3607,3843639.50000000,265993.31250000
26/04/2015 04:58:44,3541,560214.06250000,78345.75781250
26/04/2015 05:59:35,3651,310178.18750000,68075.73437500
26/04/2015 06:59:43,3608,315627.03125000,69994.21875000
26/04/2015 07:58:47,3544,317298.31250000,69841.37500000
26/04/2015 08:59:41,3654,319094.18750000,69000.44531250
26/04/2015 09:59:47,3606,383901.09375000,90890.11718750
26/04/2015 10:58:48,3541,443860.56250000,86475.91406250
26/04/2015 11:59:36,3648,1493263.25000000,173796.76562500
26/04/2015 12:59:40,3604,720924.12500000,92508.34375000
26/04/2015 13:58:45,3545,899649.93750000,93488.53125000
26/04/2015 14:59:41,3656,356151.56250000,93818.29687500
26/04/2015 15:59:48,3607,701481.18750000,112175.55468750
26/04/2015 16:58:50,3542,1279537.00000000,159660.45312500
26/04/2015 17:59:41,3651,12267358.00000000,569820.81250000
26/04/2015 18:59:46,3605,716091.87500000,97062.98437500
26/04/2015 19:58:56,3550,925493.00000000,987820.56250000
26/04/2015 20:59:53,3657,1020573.12500000,785911.00000000
26/04/2015 21:59:58,3605,626098.62500000,659093.12500000
26/04/2015 22:59:06,3548,1001250.25000000,702726.25000000
26/04/2015 23:59:03,3597,1319251.37500000,713350.93750000
27/04/2015 00:59:10,3607,666092.06250000,702676.68750000
27/04/2015 01:59:18,3608,1082977.37500000,688648.93750000
27/04/2015 02:59:15,3597,693500.50000000,614540.75000000
27/04/2015 03:59:19,3604,632616.18750000,656671.12500000
27/04/2015 04:59:29,3610,640957.00000000,663183.31250000
27/04/2015 05:59:25,3596,635735.50000000,677235.37500000
27/04/2015 06:59:30,3605,688392.31250000,687247.56250000
27/04/2015 07:59:34,3604,909378.12500000,711323.93750000
27/04/2015 08:59:54,3620,11771713.00000000,1114140.25000000
27/04/2015 09:58:36,3522,19588908.00000000,3145649.00000000
27/04/2015 10:59:12,3636,32612240.00000000,5312354.50000000
27/04/2015 11:59:09,3597,29436398.00000000,1784236.75000000
27/04/2015 12:58:41,3572,36056584.00000000,4424955.00000000
27/04/2015 13:59:29,3648,32564428.00000000,5373716.00000000
27/04/2015 14:59:25,3596,26496170.00000000,1648473.75000000
27/04/2015 15:59:39,3614,29056106.00000000,1785012.75000000
27/04/2015 16:59:18,3579,24591428.00000000,1728809.50000000
27/04/2015 17:59:19,3601,22795852.00000000,1559078.00000000
27/04/2015 18:59:19,3600,16725433.00000000,1492278.62500000
27/04/2015 19:59:22,3603,7760972.50000000,890664.00000000
27/04/2015 20:59:12,3590,7445344.50000000,691883.43750000
27/04/2015 21:58:25,3553,6247611.50000000,721861.50000000
27/04/2015 22:59:11,3646,5423913.50000000,346846.71875000
27/04/2015 23:59:24,3613,5521481.50000000,330137.81250000
28/04/2015 00:59:10,3586,6424342.00000000,348307.90625000
28/04/2015 01:59:19,3609,4963830.00000000,321877.62500000
28/04/2015 02:59:24,3605,5008820.50000000,308521.96875000
28/04/2015 03:59:18,3594,4540812.50000000,299272.40625000
28/04/2015 04:59:24,3606,3300913.75000000,238862.06250000
28/04/2015 05:59:26,3602,2382781.50000000,187208.64062500
28/04/2015 06:59:13,3587,2314943.00000000,192416.79687500
28/04/2015 07:59:20,3607,2032684.87500000,229435.18750000
28/04/2015 08:59:49,3629,7745524.00000000,444246.68750000
28/04/2015 09:59:50,3601,11706445.00000000,1430593.75000000
28/04/2015 10:59:34,3584,29415322.00000000,2473216.00000000
28/04/2015 11:59:17,3583,32563810.00000000,1857137.62500000
28/04/2015 12:59:51,3634,24151894.00000000,1465428.00000000
28/04/2015 13:59:04,3553,13936366.00000000,1503825.75000000
28/04/2015 14:59:08,3604,18955088.00000000,1449781.75000000
28/04/2015 15:59:46,3638,26060544.00000000,1976899.87500000
28/04/2015 16:59:27,3581,19520922.00000000,1982196.37500000
28/04/2015 17:59:49,3622,24558006.00000000,5243083.50000000
28/04/2015 18:58:37,3528,13862183.00000000,1244651.12500000
28/04/2015 19:59:53,3676,7032802.50000000,1009935.87500000
28/04/2015 20:59:04,3551,2847731.50000000,1158428.87500000
28/04/2015 21:59:19,3615,1475098.62500000,241563.85937500
28/04/2015 22:59:40,3621,1131925.12500000,267348.96875000
28/04/2015 23:59:40,3600,787240.25000000,260287.64062500
29/04/2015 00:59:01,3561,844703.93750000,141113.79687500
29/04/2015 01:59:25,3624,1724013.12500000,149210.14062500
29/04/2015 02:59:09,3584,1044474.43750000,121675.64062500
29/04/2015 03:59:58,3649,1764403.25000000,142234.40625000
29/04/2015 04:59:59,3601,752690.31250000,106990.22656250
29/04/2015 05:59:27,3568,516602.50000000,96887.21093750
29/04/2015 06:59:49,3622,550360.62500000,98841.05468750
29/04/2015 07:59:12,3563,1561262.62500000,144480.70312500
29/04/2015 08:59:56,3644,8617435.00000000,533955.87500000
29/04/2015 09:59:53,3597,16022892.00000000,1127332.62500000
29/04/2015 10:59:49,3596,31258414.00000000,3596823.25000000
29/04/2015 11:59:28,3579,36115444.00000000,2226047.25000000
29/04/2015 12:59:14,3586,32245346.00000000,2024246.37500000
29/04/2015 13:59:34,3620,29388502.00000000,1931182.50000000
29/04/2015 14:59:47,3613,30435844.00000000,3778151.25000000
29/04/2015 15:59:07,3560,42121636.00000000,3664576.25000000
29/04/2015 16:59:01,3594,31078324.00000000,2069152.37500000
29/04/2015 17:59:11,3610,24067390.00000000,1592540.62500000
29/04/2015 18:59:19,3608,13904681.00000000,1105389.87500000
29/04/2015 19:59:34,3615,8201014.00000000,2868962.50000000
29/04/2015 20:59:51,3617,2622239.00000000,2519331.00000000
29/04/2015 21:59:01,3550,974219.87500000,2158976.25000000
29/04/2015 22:59:50,3649,990816.25000000,1603949.00000000
29/04/2015 23:59:39,3589,731404.06250000,580990.62500000
30/04/2015 00:59:57,3618,1928158.62500000,1085616.00000000
30/04/2015 01:58:52,3535,2320231.50000000,289623.84375000
30/04/2015 02:59:13,3621,1006829.56250000,1778104.00000000
30/04/2015 03:59:35,3622,1385392.37500000,2260773.50000000
30/04/2015 04:59:07,3572,2071511.37500000,3365882.75000000
30/04/2015 05:59:19,3612,646369.50000000,2362453.50000000
30/04/2015 06:59:28,3609,881233.81250000,4333524.00000000
30/04/2015 07:59:46,3618,3510507.00000000,2121177.25000000
30/04/2015 08:59:10,3564,9688888.00000000,2805742.75000000
30/04/2015 09:58:57,3587,11719039.00000000,1088756.12500000
30/04/2015 10:59:34,3637,15733968.00000000,1575199.75000000
30/04/2015 11:59:10,3576,21253354.00000000,1455216.25000000
30/04/2015 12:59:40,3630,31355472.00000000,1754965.62500000
30/04/2015 13:59:48,3608,33577524.00000000,3351756.25000000
30/04/2015 14:59:17,3569,37473576.00000000,2547319.50000000
30/04/2015 15:58:25,3548,39880000.00000000,2919797.00000000
30/04/2015 16:59:14,3649,17626300.00000000,1792630.25000000
30/04/2015 17:59:05,3591,16207388.00000000,1150901.87500000
30/04/2015 18:58:14,3549,5631315.50000000,549672.43750000
30/04/2015 19:59:08,3654,1515127.12500000,1010758.06250000
30/04/2015 20:59:09,3601,1040362.93750000,2847855.50000000
30/04/2015 21:59:26,3617,1956475.25000000,2604928.50000000
30/04/2015 22:59:37,3611,3823851.75000000,3175661.75000000
30/04/2015 23:59:46,3609,2184976.50000000,4128361.75000000

"Auto Range:  Last Month,"""",""Created: 15/05/2015 12:22:09"""
"From:  01/04/2015 00:00,""Time Zone: (GMT+03:00) Eastern Africa"""
To:  30/04/2015 23:59
